,open,high,low,close,volume
2009-05-20,0.0,0.0,0.0,0.0,0.0
2009-05-21,0.0,0.0,0.0,0.0,0.0
2009-05-22,0.0,0.0,0.0,0.0,0.0
2009-05-25,0.0,0.0,0.0,0.0,0.0
2009-05-26,0.0,0.0,0.0,0.0,0.0
2009-05-27,0.0,0.0,0.0,0.0,0.0
2009-05-28,0.0,0.0,0.0,0.0,0.0
2009-05-29,0.0,0.0,0.0,0.0,0.0
2009-06-01,0.0,0.0,0.0,0.0,0.0
2009-06-02,0.0,0.0,0.0,0.0,0.0
2009-06-03,0.0,0.0,0.0,0.0,0.0
2009-06-04,0.0,0.0,0.0,0.0,0.0
2009-06-05,0.0,0.0,0.0,0.0,0.0
2009-06-08,0.0,0.0,0.0,0.0,0.0
2009-06-09,0.0,0.0,0.0,0.0,0.0
2009-06-10,0.0,0.0,0.0,0.0,0.0
2009-06-11,0.0,0.0,0.0,0.0,0.0
2009-06-12,0.0,0.0,0.0,0.0,0.0
2009-06-15,0.0,0.0,0.0,0.0,0.0
2009-06-16,0.0,0.0,0.0,0.0,0.0
2009-06-17,0.0,0.0,0.0,0.0,0.0
2009-06-18,0.0,0.0,0.0,0.0,0.0
2009-06-19,0.0,0.0,0.0,0.0,0.0
2009-06-22,0.0,0.0,0.0,0.0,0.0
2009-06-23,0.0,0.0,0.0,0.0,0.0
2009-06-24,0.0,0.0,0.0,0.0,0.0
2009-06-25,0.0,0.0,0.0,0.0,0.0
2009-06-26,0.0,0.0,0.0,0.0,0.0
2009-06-29,0.0,0.0,0.0,0.0,0.0
2009-06-30,0.0,0.0,0.0,0.0,0.0
2009-07-01,0.0,0.0,0.0,0.0,0.0
2009-07-02,0.0,0.0,0.0,0.0,0.0
2009-07-03,0.0,0.0,0.0,0.0,0.0
2009-07-06,0.0,0.0,0.0,0.0,0.0
2009-07-07,0.0,0.0,0.0,0.0,0.0
2009-07-08,0.0,0.0,0.0,0.0,0.0
2009-07-09,0.0,0.0,0.0,0.0,0.0
2009-07-10,0.0,0.0,0.0,0.0,0.0
2009-07-13,0.0,0.0,0.0,0.0,0.0
2009-07-14,0.0,0.0,0.0,0.0,0.0
2009-07-15,0.0,0.0,0.0,0.0,0.0
2009-07-16,0.0,0.0,0.0,0.0,0.0
2009-07-17,0.0,0.0,0.0,0.0,0.0
2009-07-20,0.0,0.0,0.0,0.0,0.0
2009-07-21,0.0,0.0,0.0,0.0,0.0
2009-07-22,0.0,0.0,0.0,0.0,0.0
2009-07-23,0.0,0.0,0.0,0.0,0.0
2009-07-24,0.0,0.0,0.0,0.0,0.0
2009-07-27,0.0,0.0,0.0,0.0,0.0
2009-07-28,0.0,0.0,0.0,0.0,0.0
2009-07-29,0.0,0.0,0.0,0.0,0.0
2009-07-30,0.0,0.0,0.0,0.0,0.0
2009-07-31,0.0,0.0,0.0,0.0,0.0
2009-08-03,0.0,0.0,0.0,0.0,0.0
2009-08-04,0.0,0.0,0.0,0.0,0.0
2009-08-05,0.0,0.0,0.0,0.0,0.0
2009-08-06,0.0,0.0,0.0,0.0,0.0
2009-08-07,0.0,0.0,0.0,0.0,0.0
2009-08-10,0.0,0.0,0.0,0.0,0.0
2009-08-11,0.0,0.0,0.0,0.0,0.0
2009-08-12,0.0,0.0,0.0,0.0,0.0
2009-08-13,0.0,0.0,0.0,0.0,0.0
2009-08-14,0.0,0.0,0.0,0.0,0.0
2009-08-17,0.0,0.0,0.0,0.0,0.0
2009-08-18,0.0,0.0,0.0,0.0,0.0
2009-08-19,0.0,0.0,0.0,0.0,0.0
2009-08-20,0.0,0.0,0.0,0.0,0.0
2009-08-21,0.0,0.0,0.0,0.0,0.0
2009-08-24,0.0,0.0,0.0,0.0,0.0
2009-08-25,0.0,0.0,0.0,0.0,0.0
2009-08-26,0.0,0.0,0.0,0.0,0.0
2009-08-27,0.0,0.0,0.0,0.0,0.0
2009-08-28,0.0,0.0,0.0,0.0,0.0
2009-08-31,0.0,0.0,0.0,0.0,0.0
2009-09-01,0.0,0.0,0.0,0.0,0.0
2009-09-02,0.0,0.0,0.0,0.0,0.0
2009-09-03,0.0,0.0,0.0,0.0,0.0
2009-09-04,0.0,0.0,0.0,0.0,0.0
2009-09-07,0.0,0.0,0.0,0.0,0.0
2009-09-08,0.0,0.0,0.0,0.0,0.0
2009-09-09,0.0,0.0,0.0,0.0,0.0
2009-09-10,0.0,0.0,0.0,0.0,0.0
2009-09-11,0.0,0.0,0.0,0.0,0.0
2009-09-14,0.0,0.0,0.0,0.0,0.0
2009-09-15,0.0,0.0,0.0,0.0,0.0
2009-09-16,0.0,0.0,0.0,0.0,0.0
2009-09-17,0.0,0.0,0.0,0.0,0.0
2009-09-18,0.0,0.0,0.0,0.0,0.0
2009-09-22,0.0,0.0,0.0,0.0,0.0
2009-09-23,0.0,0.0,0.0,0.0,0.0
2009-09-24,0.0,0.0,0.0,0.0,0.0
2009-09-25,0.0,0.0,0.0,0.0,0.0
2009-09-29,0.0,0.0,0.0,0.0,0.0
2009-09-30,0.0,0.0,0.0,0.0,0.0
2009-10-01,0.0,0.0,0.0,0.0,0.0
2009-10-05,0.0,0.0,0.0,0.0,0.0
2009-10-06,0.0,0.0,0.0,0.0,0.0
2009-10-07,0.0,0.0,0.0,0.0,0.0
2009-10-08,0.0,0.0,0.0,0.0,0.0
2009-10-09,0.0,0.0,0.0,0.0,0.0
2009-10-12,0.0,0.0,0.0,0.0,0.0
2009-10-14,0.0,0.0,0.0,0.0,0.0
2009-10-15,0.0,0.0,0.0,0.0,0.0
2009-10-16,0.0,0.0,0.0,0.0,0.0
2009-10-20,0.0,0.0,0.0,0.0,0.0
2009-10-21,0.0,0.0,0.0,0.0,0.0
2009-10-22,0.0,0.0,0.0,0.0,0.0
2009-10-23,0.0,0.0,0.0,0.0,0.0
2009-10-26,0.0,0.0,0.0,0.0,0.0
2009-10-27,0.0,0.0,0.0,0.0,0.0
2009-10-28,0.0,0.0,0.0,0.0,0.0
2009-10-29,0.0,0.0,0.0,0.0,0.0
2009-10-30,0.0,0.0,0.0,0.0,0.0
2009-11-03,0.0,0.0,0.0,0.0,0.0
2009-11-04,0.0,0.0,0.0,0.0,0.0
2009-11-05,0.0,0.0,0.0,0.0,0.0
2009-11-06,0.0,0.0,0.0,0.0,0.0
2009-11-09,0.0,0.0,0.0,0.0,0.0
2009-11-10,0.0,0.0,0.0,0.0,0.0
2009-11-11,0.0,0.0,0.0,0.0,0.0
2009-11-12,0.0,0.0,0.0,0.0,0.0
2009-11-13,0.0,0.0,0.0,0.0,0.0
2009-11-16,0.0,0.0,0.0,0.0,0.0
2009-11-17,0.0,0.0,0.0,0.0,0.0
2009-11-18,0.0,0.0,0.0,0.0,0.0
2009-11-19,0.0,0.0,0.0,0.0,0.0
2009-11-20,0.0,0.0,0.0,0.0,0.0
2009-11-23,0.0,0.0,0.0,0.0,0.0
2009-11-24,0.0,0.0,0.0,0.0,0.0
2009-11-25,0.0,0.0,0.0,0.0,0.0
2009-11-26,0.0,0.0,0.0,0.0,0.0
2009-11-27,0.0,0.0,0.0,0.0,0.0
2009-11-30,0.0,0.0,0.0,0.0,0.0
2009-12-01,0.0,0.0,0.0,0.0,0.0
2009-12-02,0.0,0.0,0.0,0.0,0.0
2009-12-03,0.0,0.0,0.0,0.0,0.0
2009-12-04,0.0,0.0,0.0,0.0,0.0
2009-12-07,0.0,0.0,0.0,0.0,0.0
2009-12-08,0.0,0.0,0.0,0.0,0.0
2009-12-09,0.0,0.0,0.0,0.0,0.0
2009-12-10,0.0,0.0,0.0,0.0,0.0
2009-12-11,0.0,0.0,0.0,0.0,0.0
2009-12-14,0.0,0.0,0.0,0.0,0.0
2009-12-15,0.0,0.0,0.0,0.0,0.0
2009-12-16,0.0,0.0,0.0,0.0,0.0
2009-12-17,0.0,0.0,0.0,0.0,0.0
2009-12-18,0.0,0.0,0.0,0.0,0.0
2009-12-21,0.0,0.0,0.0,0.0,0.0
2009-12-22,0.0,0.0,0.0,0.0,0.0
2009-12-23,0.0,0.0,0.0,0.0,0.0
2009-12-24,0.0,0.0,0.0,0.0,0.0
2009-12-29,0.0,0.0,0.0,0.0,0.0
2009-12-30,0.0,0.0,0.0,0.0,0.0
2009-12-31,0.0,0.0,0.0,0.0,0.0
2010-01-04,0.0,0.0,0.0,0.0,0.0
2010-01-05,0.0,0.0,0.0,0.0,0.0
2010-01-06,0.0,0.0,0.0,0.0,0.0
2010-01-07,0.0,0.0,0.0,0.0,0.0
2010-01-08,0.0,0.0,0.0,0.0,0.0
2010-01-11,0.0,0.0,0.0,0.0,0.0
2010-01-12,0.0,0.0,0.0,0.0,0.0
2010-01-13,0.0,0.0,0.0,0.0,0.0
2010-01-14,0.0,0.0,0.0,0.0,0.0
2010-01-15,0.0,0.0,0.0,0.0,0.0
2010-01-18,0.0,0.0,0.0,0.0,0.0
2010-01-19,0.0,0.0,0.0,0.0,0.0
2010-01-20,0.0,0.0,0.0,0.0,0.0
2010-01-21,0.0,0.0,0.0,0.0,0.0
2010-01-22,0.0,0.0,0.0,0.0,0.0
2010-01-25,0.0,0.0,0.0,0.0,0.0
2010-01-27,0.0,0.0,0.0,0.0,0.0
2010-01-28,0.0,0.0,0.0,0.0,0.0
2010-01-29,0.0,0.0,0.0,0.0,0.0
2010-02-01,0.0,0.0,0.0,0.0,0.0
2010-02-02,0.0,0.0,0.0,0.0,0.0
2010-02-03,0.0,0.0,0.0,0.0,0.0
2010-02-04,0.0,0.0,0.0,0.0,0.0
2010-02-05,0.0,0.0,0.0,0.0,0.0
2010-02-08,0.0,0.0,0.0,0.0,0.0
2010-02-09,0.0,0.0,0.0,0.0,0.0
2010-02-10,0.0,0.0,0.0,0.0,0.0
2010-02-11,0.0,0.0,0.0,0.0,0.0
2010-02-15,0.0,0.0,0.0,0.0,0.0
2010-02-16,0.0,0.0,0.0,0.0,0.0
2010-02-17,0.0,0.0,0.0,0.0,0.0
2010-02-18,0.0,0.0,0.0,0.0,0.0
2010-02-19,0.0,0.0,0.0,0.0,0.0
2010-02-22,0.0,0.0,0.0,0.0,0.0
2010-02-23,0.0,0.0,0.0,0.0,0.0
2010-02-24,0.0,0.0,0.0,0.0,0.0
2010-02-25,0.0,0.0,0.0,0.0,0.0
2010-02-26,0.0,0.0,0.0,0.0,0.0
2010-03-02,0.0,0.0,0.0,0.0,0.0
2010-03-03,0.0,0.0,0.0,0.0,0.0
2010-03-04,0.0,0.0,0.0,0.0,0.0
2010-03-05,0.0,0.0,0.0,0.0,0.0
2010-03-08,0.0,0.0,0.0,0.0,0.0
2010-03-09,0.0,0.0,0.0,0.0,0.0
2010-03-10,0.0,0.0,0.0,0.0,0.0
2010-03-11,0.0,0.0,0.0,0.0,0.0
2010-03-12,0.0,0.0,0.0,0.0,0.0
2010-03-15,0.0,0.0,0.0,0.0,0.0
2010-03-16,0.0,0.0,0.0,0.0,0.0
2010-03-17,0.0,0.0,0.0,0.0,0.0
2010-03-18,0.0,0.0,0.0,0.0,0.0
2010-03-19,0.0,0.0,0.0,0.0,0.0
2010-03-22,0.0,0.0,0.0,0.0,0.0
2010-03-23,0.0,0.0,0.0,0.0,0.0
2010-03-25,0.0,0.0,0.0,0.0,0.0
2010-03-26,0.0,0.0,0.0,0.0,0.0
2010-03-29,0.0,0.0,0.0,0.0,0.0
2010-03-30,0.0,0.0,0.0,0.0,0.0
2010-03-31,0.0,0.0,0.0,0.0,0.0
2010-04-01,0.0,0.0,0.0,0.0,0.0
2010-04-05,0.0,0.0,0.0,0.0,0.0
2010-04-06,0.0,0.0,0.0,0.0,0.0
2010-04-07,0.0,0.0,0.0,0.0,0.0
2010-04-08,0.0,0.0,0.0,0.0,0.0
2010-04-09,0.0,0.0,0.0,0.0,0.0
2010-04-12,0.0,0.0,0.0,0.0,0.0
2010-04-13,0.0,0.0,0.0,0.0,0.0
2010-04-15,0.0,0.0,0.0,0.0,0.0
2010-04-16,0.0,0.0,0.0,0.0,0.0
2010-04-19,0.0,0.0,0.0,0.0,0.0
2010-04-20,0.0,0.0,0.0,0.0,0.0
2010-04-21,0.0,0.0,0.0,0.0,0.0
2010-04-22,0.0,0.0,0.0,0.0,0.0
2010-04-23,0.0,0.0,0.0,0.0,0.0
2010-04-26,0.0,0.0,0.0,0.0,0.0
2010-04-27,0.0,0.0,0.0,0.0,0.0
2010-04-28,0.0,0.0,0.0,0.0,0.0
2010-04-29,0.0,0.0,0.0,0.0,0.0
2010-04-30,0.0,0.0,0.0,0.0,0.0
2010-05-03,0.0,0.0,0.0,0.0,0.0
2010-05-04,0.0,0.0,0.0,0.0,0.0
2010-05-05,0.0,0.0,0.0,0.0,0.0
2010-05-06,0.0,0.0,0.0,0.0,0.0
2010-05-07,0.0,0.0,0.0,0.0,0.0
2010-05-10,0.0,0.0,0.0,0.0,0.0
2010-05-11,0.0,0.0,0.0,0.0,0.0
2010-05-12,0.0,0.0,0.0,0.0,0.0
2010-05-13,0.0,0.0,0.0,0.0,0.0
2010-05-14,0.0,0.0,0.0,0.0,0.0
2010-05-17,0.0,0.0,0.0,0.0,0.0
2010-05-18,0.0,0.0,0.0,0.0,0.0
2010-05-19,0.0,0.0,0.0,0.0,0.0
2010-05-20,0.0,0.0,0.0,0.0,0.0
2010-05-21,0.0,0.0,0.0,0.0,0.0
2010-05-24,0.0,0.0,0.0,0.0,0.0
2010-05-25,0.0,0.0,0.0,0.0,0.0
2010-05-26,0.0,0.0,0.0,0.0,0.0
2010-05-27,0.0,0.0,0.0,0.0,0.0
2010-05-28,0.0,0.0,0.0,0.0,0.0
2010-05-31,0.0,0.0,0.0,0.0,0.0
2010-06-01,0.0,0.0,0.0,0.0,0.0
2010-06-02,0.0,0.0,0.0,0.0,0.0
2010-06-03,0.0,0.0,0.0,0.0,0.0
2010-06-04,0.0,0.0,0.0,0.0,0.0
2010-06-07,0.0,0.0,0.0,0.0,0.0
2010-06-08,0.0,0.0,0.0,0.0,0.0
2010-06-09,0.0,0.0,0.0,0.0,0.0
2010-06-10,0.0,0.0,0.0,0.0,0.0
2010-06-11,0.0,0.0,0.0,0.0,0.0
2010-06-14,0.0,0.0,0.0,0.0,0.0
2010-06-15,0.0,0.0,0.0,0.0,0.0
2010-06-16,0.0,0.0,0.0,0.0,0.0
2010-06-17,0.0,0.0,0.0,0.0,0.0
2010-06-18,0.0,0.0,0.0,0.0,0.0
2010-06-21,0.0,0.0,0.0,0.0,0.0
2010-06-22,0.0,0.0,0.0,0.0,0.0
2010-06-23,0.0,0.0,0.0,0.0,0.0
2010-06-24,0.0,0.0,0.0,0.0,0.0
2010-06-25,0.0,0.0,0.0,0.0,0.0
2010-06-28,0.0,0.0,0.0,0.0,0.0
2010-06-29,0.0,0.0,0.0,0.0,0.0
2010-06-30,0.0,0.0,0.0,0.0,0.0
2010-07-01,0.0,0.0,0.0,0.0,0.0
2010-07-02,0.0,0.0,0.0,0.0,0.0
2010-07-05,0.0,0.0,0.0,0.0,0.0
2010-07-06,0.0,0.0,0.0,0.0,0.0
2010-07-07,0.0,0.0,0.0,0.0,0.0
2010-07-08,0.0,0.0,0.0,0.0,0.0
2010-07-09,0.0,0.0,0.0,0.0,0.0
2010-07-12,0.0,0.0,0.0,0.0,0.0
2010-07-13,0.0,0.0,0.0,0.0,0.0
2010-07-14,0.0,0.0,0.0,0.0,0.0
2010-07-15,0.0,0.0,0.0,0.0,0.0
2010-07-16,0.0,0.0,0.0,0.0,0.0
2010-07-19,0.0,0.0,0.0,0.0,0.0
2010-07-20,0.0,0.0,0.0,0.0,0.0
2010-07-21,0.0,0.0,0.0,0.0,0.0
2010-07-22,0.0,0.0,0.0,0.0,0.0
2010-07-23,0.0,0.0,0.0,0.0,0.0
2010-07-26,0.0,0.0,0.0,0.0,0.0
2010-07-27,0.0,0.0,0.0,0.0,0.0
2010-07-28,0.0,0.0,0.0,0.0,0.0
2010-07-29,0.0,0.0,0.0,0.0,0.0
2010-07-30,0.0,0.0,0.0,0.0,0.0
2010-08-02,0.0,0.0,0.0,0.0,0.0
2010-08-03,0.0,0.0,0.0,0.0,0.0
2010-08-04,0.0,0.0,0.0,0.0,0.0
2010-08-05,0.0,0.0,0.0,0.0,0.0
2010-08-06,0.0,0.0,0.0,0.0,0.0
2010-08-09,0.0,0.0,0.0,0.0,0.0
2010-08-10,0.0,0.0,0.0,0.0,0.0
2010-08-11,0.0,0.0,0.0,0.0,0.0
2010-08-12,0.0,0.0,0.0,0.0,0.0
2010-08-13,0.0,0.0,0.0,0.0,0.0
2010-08-16,0.0,0.0,0.0,0.0,0.0
2010-08-17,0.0,0.0,0.0,0.0,0.0
2010-08-18,0.0,0.0,0.0,0.0,0.0
2010-08-19,0.0,0.0,0.0,0.0,0.0
2010-08-20,0.0,0.0,0.0,0.0,0.0
2010-08-23,0.0,0.0,0.0,0.0,0.0
2010-08-24,0.0,0.0,0.0,0.0,0.0
2010-08-25,0.0,0.0,0.0,0.0,0.0
2010-08-26,0.0,0.0,0.0,0.0,0.0
2010-08-27,0.0,0.0,0.0,0.0,0.0
2010-08-30,0.0,0.0,0.0,0.0,0.0
2010-08-31,0.0,0.0,0.0,0.0,0.0
2010-09-01,0.0,0.0,0.0,0.0,0.0
2010-09-02,0.0,0.0,0.0,0.0,0.0
2010-09-03,0.0,0.0,0.0,0.0,0.0
2010-09-06,0.0,0.0,0.0,0.0,0.0
2010-09-07,0.0,0.0,0.0,0.0,0.0
2010-09-08,0.0,0.0,0.0,0.0,0.0
2010-09-09,0.0,0.0,0.0,0.0,0.0
2010-09-13,0.0,0.0,0.0,0.0,0.0
2010-09-14,0.0,0.0,0.0,0.0,0.0
2010-09-15,0.0,0.0,0.0,0.0,0.0
2010-09-16,0.0,0.0,0.0,0.0,0.0
2010-09-17,0.0,0.0,0.0,0.0,0.0
2010-09-20,0.0,0.0,0.0,0.0,0.0
2010-09-21,0.0,0.0,0.0,0.0,0.0
2010-09-22,0.0,0.0,0.0,0.0,0.0
2010-09-23,0.0,0.0,0.0,0.0,0.0
2010-09-24,0.0,0.0,0.0,0.0,0.0
2010-09-27,0.0,0.0,0.0,0.0,0.0
2010-09-28,0.0,0.0,0.0,0.0,0.0
2010-09-29,0.0,0.0,0.0,0.0,0.0
2010-09-30,0.0,0.0,0.0,0.0,0.0
2010-10-01,0.0,0.0,0.0,0.0,0.0
2010-10-04,0.0,0.0,0.0,0.0,0.0
2010-10-05,0.0,0.0,0.0,0.0,0.0
2010-10-06,0.0,0.0,0.0,0.0,0.0
2010-10-07,0.0,0.0,0.0,0.0,0.0
2010-10-08,0.0,0.0,0.0,0.0,0.0
2010-10-11,0.0,0.0,0.0,0.0,0.0
2010-10-12,0.0,0.0,0.0,0.0,0.0
2010-10-13,0.0,0.0,0.0,0.0,0.0
2010-10-14,0.0,0.0,0.0,0.0,0.0
2010-10-15,0.0,0.0,0.0,0.0,0.0
2010-10-18,0.0,0.0,0.0,0.0,0.0
2010-10-19,0.0,0.0,0.0,0.0,0.0
2010-10-20,0.0,0.0,0.0,0.0,0.0
2010-10-21,0.0,0.0,0.0,0.0,0.0
2010-10-22,0.0,0.0,0.0,0.0,0.0
2010-10-25,0.0,0.0,0.0,0.0,0.0
2010-10-26,0.0,0.0,0.0,0.0,0.0
2010-10-27,0.0,0.0,0.0,0.0,0.0
2010-10-28,0.0,0.0,0.0,0.0,0.0
2010-10-29,0.0,0.0,0.0,0.0,0.0
2010-11-01,0.0,0.0,0.0,0.0,0.0
2010-11-02,0.0,0.0,0.0,0.0,0.0
2010-11-03,0.0,0.0,0.0,0.0,0.0
2010-11-04,0.0,0.0,0.0,0.0,0.0
2010-11-05,0.0,0.0,0.0,0.0,0.0
2010-11-08,0.0,0.0,0.0,0.0,0.0
2010-11-09,0.0,0.0,0.0,0.0,0.0
2010-11-10,0.0,0.0,0.0,0.0,0.0
2010-11-11,0.0,0.0,0.0,0.0,0.0
2010-11-12,0.0,0.0,0.0,0.0,0.0
2010-11-15,0.0,0.0,0.0,0.0,0.0
2010-11-16,0.0,0.0,0.0,0.0,0.0
2010-11-18,0.0,0.0,0.0,0.0,0.0
2010-11-19,0.0,0.0,0.0,0.0,0.0
2010-11-22,0.0,0.0,0.0,0.0,0.0
2010-11-23,0.0,0.0,0.0,0.0,0.0
2010-11-24,0.0,0.0,0.0,0.0,0.0
2010-11-25,0.0,0.0,0.0,0.0,0.0
2010-11-26,0.0,0.0,0.0,0.0,0.0
2010-11-29,0.0,0.0,0.0,0.0,0.0
2010-11-30,0.0,0.0,0.0,0.0,0.0
2010-12-01,0.0,0.0,0.0,0.0,0.0
2010-12-02,0.0,0.0,0.0,0.0,0.0
2010-12-03,0.0,0.0,0.0,0.0,0.0
2010-12-06,0.0,0.0,0.0,0.0,0.0
2010-12-07,0.0,0.0,0.0,0.0,0.0
2010-12-08,0.0,0.0,0.0,0.0,0.0
2010-12-09,0.0,0.0,0.0,0.0,0.0
2010-12-10,0.0,0.0,0.0,0.0,0.0
2010-12-13,0.0,0.0,0.0,0.0,0.0
2010-12-14,0.0,0.0,0.0,0.0,0.0
2010-12-15,0.0,0.0,0.0,0.0,0.0
2010-12-16,0.0,0.0,0.0,0.0,0.0
2010-12-20,0.0,0.0,0.0,0.0,0.0
2010-12-21,0.0,0.0,0.0,0.0,0.0
2010-12-22,0.0,0.0,0.0,0.0,0.0
2010-12-23,0.0,0.0,0.0,0.0,0.0
2010-12-24,0.0,0.0,0.0,0.0,0.0
2010-12-27,0.0,0.0,0.0,0.0,0.0
2010-12-28,0.0,0.0,0.0,0.0,0.0
2010-12-29,0.0,0.0,0.0,0.0,0.0
2010-12-30,0.0,0.0,0.0,0.0,0.0
2010-12-31,0.0,0.0,0.0,0.0,0.0
2011-01-03,0.0,0.0,0.0,0.0,0.0
2011-01-04,0.0,0.0,0.0,0.0,0.0
2011-01-05,0.0,0.0,0.0,0.0,0.0
2011-01-06,0.0,0.0,0.0,0.0,0.0
2011-01-07,0.0,0.0,0.0,0.0,0.0
2011-01-10,0.0,0.0,0.0,0.0,0.0
2011-01-11,0.0,0.0,0.0,0.0,0.0
2011-01-12,0.0,0.0,0.0,0.0,0.0
2011-01-13,0.0,0.0,0.0,0.0,0.0
2011-01-14,0.0,0.0,0.0,0.0,0.0
2011-01-17,0.0,0.0,0.0,0.0,0.0
2011-01-18,0.0,0.0,0.0,0.0,0.0
2011-01-19,0.0,0.0,0.0,0.0,0.0
2011-01-20,0.0,0.0,0.0,0.0,0.0
2011-01-21,0.0,0.0,0.0,0.0,0.0
2011-01-24,0.0,0.0,0.0,0.0,0.0
2011-01-25,0.0,0.0,0.0,0.0,0.0
2011-01-27,0.0,0.0,0.0,0.0,0.0
2011-01-28,0.0,0.0,0.0,0.0,0.0
2011-01-31,0.0,0.0,0.0,0.0,0.0
2011-02-01,0.0,0.0,0.0,0.0,0.0
2011-02-02,0.0,0.0,0.0,0.0,0.0
2011-02-03,0.0,0.0,0.0,0.0,0.0
2011-02-04,0.0,0.0,0.0,0.0,0.0
2011-02-07,0.0,0.0,0.0,0.0,0.0
2011-02-08,0.0,0.0,0.0,0.0,0.0
2011-02-09,0.0,0.0,0.0,0.0,0.0
2011-02-10,0.0,0.0,0.0,0.0,0.0
2011-02-11,0.0,0.0,0.0,0.0,0.0
2011-02-14,0.0,0.0,0.0,0.0,0.0
2011-02-15,0.0,0.0,0.0,0.0,0.0
2011-02-16,0.0,0.0,0.0,0.0,0.0
2011-02-17,0.0,0.0,0.0,0.0,0.0
2011-02-18,0.0,0.0,0.0,0.0,0.0
2011-02-21,0.0,0.0,0.0,0.0,0.0
2011-02-22,0.0,0.0,0.0,0.0,0.0
2011-02-23,0.0,0.0,0.0,0.0,0.0
2011-02-24,0.0,0.0,0.0,0.0,0.0
2011-02-25,0.0,0.0,0.0,0.0,0.0
2011-02-28,0.0,0.0,0.0,0.0,0.0
2011-03-01,0.0,0.0,0.0,0.0,0.0
2011-03-03,0.0,0.0,0.0,0.0,0.0
2011-03-04,0.0,0.0,0.0,0.0,0.0
2011-03-07,0.0,0.0,0.0,0.0,0.0
2011-03-08,0.0,0.0,0.0,0.0,0.0
2011-03-09,0.0,0.0,0.0,0.0,0.0
2011-03-10,0.0,0.0,0.0,0.0,0.0
2011-03-11,0.0,0.0,0.0,0.0,0.0
2011-03-14,0.0,0.0,0.0,0.0,0.0
2011-03-15,0.0,0.0,0.0,0.0,0.0
2011-03-16,0.0,0.0,0.0,0.0,0.0
2011-03-17,0.0,0.0,0.0,0.0,0.0
2011-03-18,0.0,0.0,0.0,0.0,0.0
2011-03-21,0.0,0.0,0.0,0.0,0.0
2011-03-22,0.0,0.0,0.0,0.0,0.0
2011-03-23,0.0,0.0,0.0,0.0,0.0
2011-03-24,0.0,0.0,0.0,0.0,0.0
2011-03-25,0.0,0.0,0.0,0.0,0.0
2011-03-28,0.0,0.0,0.0,0.0,0.0
2011-03-29,0.0,0.0,0.0,0.0,0.0
2011-03-30,0.0,0.0,0.0,0.0,0.0
2011-03-31,0.0,0.0,0.0,0.0,0.0
2011-04-01,0.0,0.0,0.0,0.0,0.0
2011-04-04,0.0,0.0,0.0,0.0,0.0
2011-04-05,0.0,0.0,0.0,0.0,0.0
2011-04-06,0.0,0.0,0.0,0.0,0.0
2011-04-07,0.0,0.0,0.0,0.0,0.0
2011-04-08,0.0,0.0,0.0,0.0,0.0
2011-04-11,0.0,0.0,0.0,0.0,0.0
2011-04-13,0.0,0.0,0.0,0.0,0.0
2011-04-15,0.0,0.0,0.0,0.0,0.0
2011-04-18,0.0,0.0,0.0,0.0,0.0
2011-04-19,0.0,0.0,0.0,0.0,0.0
2011-04-20,0.0,0.0,0.0,0.0,0.0
2011-04-21,0.0,0.0,0.0,0.0,0.0
2011-04-25,0.0,0.0,0.0,0.0,0.0
2011-04-26,0.0,0.0,0.0,0.0,0.0
2011-04-27,0.0,0.0,0.0,0.0,0.0
2011-04-28,0.0,0.0,0.0,0.0,0.0
2011-04-29,0.0,0.0,0.0,0.0,0.0
2011-05-02,0.0,0.0,0.0,0.0,0.0
2011-05-03,0.0,0.0,0.0,0.0,0.0
2011-05-04,0.0,0.0,0.0,0.0,0.0
2011-05-05,0.0,0.0,0.0,0.0,0.0
2011-05-06,0.0,0.0,0.0,0.0,0.0
2011-05-09,0.0,0.0,0.0,0.0,0.0
2011-05-10,0.0,0.0,0.0,0.0,0.0
2011-05-11,0.0,0.0,0.0,0.0,0.0
2011-05-12,0.0,0.0,0.0,0.0,0.0
2011-05-13,0.0,0.0,0.0,0.0,0.0
2011-05-16,0.0,0.0,0.0,0.0,0.0
2011-05-17,0.0,0.0,0.0,0.0,0.0
2011-05-18,0.0,0.0,0.0,0.0,0.0
2011-05-19,0.0,0.0,0.0,0.0,0.0
2011-05-20,0.0,0.0,0.0,0.0,0.0
2011-05-23,0.0,0.0,0.0,0.0,0.0
2011-05-24,0.0,0.0,0.0,0.0,0.0
2011-05-25,0.0,0.0,0.0,0.0,0.0
2011-05-26,0.0,0.0,0.0,0.0,0.0
2011-05-27,0.0,0.0,0.0,0.0,0.0
2011-05-30,0.0,0.0,0.0,0.0,0.0
2011-05-31,0.0,0.0,0.0,0.0,0.0
2011-06-01,0.0,0.0,0.0,0.0,0.0
2011-06-02,0.0,0.0,0.0,0.0,0.0
2011-06-03,0.0,0.0,0.0,0.0,0.0
2011-06-06,0.0,0.0,0.0,0.0,0.0
2011-06-07,0.0,0.0,0.0,0.0,0.0
2011-06-08,0.0,0.0,0.0,0.0,0.0
2011-06-09,0.0,0.0,0.0,0.0,0.0
2011-06-10,0.0,0.0,0.0,0.0,0.0
2011-06-13,0.0,0.0,0.0,0.0,0.0
2011-06-14,0.0,0.0,0.0,0.0,0.0
2011-06-15,0.0,0.0,0.0,0.0,0.0
2011-06-16,0.0,0.0,0.0,0.0,0.0
2011-06-17,0.0,0.0,0.0,0.0,0.0
2011-06-20,0.0,0.0,0.0,0.0,0.0
2011-06-21,0.0,0.0,0.0,0.0,0.0
2011-06-22,0.0,0.0,0.0,0.0,0.0
2011-06-23,0.0,0.0,0.0,0.0,0.0
2011-06-24,0.0,0.0,0.0,0.0,0.0
2011-06-27,0.0,0.0,0.0,0.0,0.0
2011-06-28,0.0,0.0,0.0,0.0,0.0
2011-06-29,0.0,0.0,0.0,0.0,0.0
2011-06-30,0.0,0.0,0.0,0.0,0.0
2011-07-01,0.0,0.0,0.0,0.0,0.0
2011-07-04,0.0,0.0,0.0,0.0,0.0
2011-07-05,0.0,0.0,0.0,0.0,0.0
2011-07-06,0.0,0.0,0.0,0.0,0.0
2011-07-07,0.0,0.0,0.0,0.0,0.0
2011-07-08,0.0,0.0,0.0,0.0,0.0
2011-07-11,0.0,0.0,0.0,0.0,0.0
2011-07-12,0.0,0.0,0.0,0.0,0.0
2011-07-13,0.0,0.0,0.0,0.0,0.0
2011-07-14,0.0,0.0,0.0,0.0,0.0
2011-07-15,0.0,0.0,0.0,0.0,0.0
2011-07-18,0.0,0.0,0.0,0.0,0.0
2011-07-19,0.0,0.0,0.0,0.0,0.0
2011-07-20,0.0,0.0,0.0,0.0,0.0
2011-07-21,0.0,0.0,0.0,0.0,0.0
2011-07-22,0.0,0.0,0.0,0.0,0.0
2011-07-25,0.0,0.0,0.0,0.0,0.0
2011-07-26,0.0,0.0,0.0,0.0,0.0
2011-07-27,0.0,0.0,0.0,0.0,0.0
2011-07-28,0.0,0.0,0.0,0.0,0.0
2011-07-29,0.0,0.0,0.0,0.0,0.0
2011-08-01,0.0,0.0,0.0,0.0,0.0
2011-08-02,0.0,0.0,0.0,0.0,0.0
2011-08-03,0.0,0.0,0.0,0.0,0.0
2011-08-04,0.0,0.0,0.0,0.0,0.0
2011-08-05,0.0,0.0,0.0,0.0,0.0
2011-08-08,0.0,0.0,0.0,0.0,0.0
2011-08-09,0.0,0.0,0.0,0.0,0.0
2011-08-10,0.0,0.0,0.0,0.0,0.0
2011-08-11,0.0,0.0,0.0,0.0,0.0
2011-08-12,0.0,0.0,0.0,0.0,0.0
2011-08-16,0.0,0.0,0.0,0.0,0.0
2011-08-17,0.0,0.0,0.0,0.0,0.0
2011-08-18,0.0,0.0,0.0,0.0,0.0
2011-08-19,0.0,0.0,0.0,0.0,0.0
2011-08-22,0.0,0.0,0.0,0.0,0.0
2011-08-23,0.0,0.0,0.0,0.0,0.0
2011-08-24,0.0,0.0,0.0,0.0,0.0
2011-08-25,0.0,0.0,0.0,0.0,0.0
2011-08-26,0.0,0.0,0.0,0.0,0.0
2011-08-29,0.0,0.0,0.0,0.0,0.0
2011-08-30,0.0,0.0,0.0,0.0,0.0
2011-09-02,0.0,0.0,0.0,0.0,0.0
2011-09-05,0.0,0.0,0.0,0.0,0.0
2011-09-06,0.0,0.0,0.0,0.0,0.0
2011-09-07,0.0,0.0,0.0,0.0,0.0
2011-09-08,0.0,0.0,0.0,0.0,0.0
2011-09-09,0.0,0.0,0.0,0.0,0.0
2011-09-12,0.0,0.0,0.0,0.0,0.0
2011-09-13,0.0,0.0,0.0,0.0,0.0
2011-09-14,0.0,0.0,0.0,0.0,0.0
2011-09-15,0.0,0.0,0.0,0.0,0.0
2011-09-16,0.0,0.0,0.0,0.0,0.0
2011-09-19,0.0,0.0,0.0,0.0,0.0
2011-09-20,0.0,0.0,0.0,0.0,0.0
2011-09-21,0.0,0.0,0.0,0.0,0.0
2011-09-22,0.0,0.0,0.0,0.0,0.0
2011-09-23,0.0,0.0,0.0,0.0,0.0
2011-09-26,0.0,0.0,0.0,0.0,0.0
2011-09-27,0.0,0.0,0.0,0.0,0.0
2011-09-28,0.0,0.0,0.0,0.0,0.0
2011-09-29,0.0,0.0,0.0,0.0,0.0
2011-09-30,0.0,0.0,0.0,0.0,0.0
2011-10-03,0.0,0.0,0.0,0.0,0.0
2011-10-04,0.0,0.0,0.0,0.0,0.0
2011-10-05,0.0,0.0,0.0,0.0,0.0
2011-10-07,0.0,0.0,0.0,0.0,0.0
2011-10-10,0.0,0.0,0.0,0.0,0.0
2011-10-11,0.0,0.0,0.0,0.0,0.0
2011-10-12,0.0,0.0,0.0,0.0,0.0
2011-10-13,0.0,0.0,0.0,0.0,0.0
2011-10-14,0.0,0.0,0.0,0.0,0.0
2011-10-17,0.0,0.0,0.0,0.0,0.0
2011-10-18,0.0,0.0,0.0,0.0,0.0
2011-10-19,0.0,0.0,0.0,0.0,0.0
2011-10-20,0.0,0.0,0.0,0.0,0.0
2011-10-21,0.0,0.0,0.0,0.0,0.0
2011-10-24,0.0,0.0,0.0,0.0,0.0
2011-10-25,0.0,0.0,0.0,0.0,0.0
2011-10-26,0.0,0.0,0.0,0.0,0.0
2011-10-28,0.0,0.0,0.0,0.0,0.0
2011-10-31,0.0,0.0,0.0,0.0,0.0
2011-11-01,0.0,0.0,0.0,0.0,0.0
2011-11-02,0.0,0.0,0.0,0.0,0.0
2011-11-03,0.0,0.0,0.0,0.0,0.0
2011-11-04,0.0,0.0,0.0,0.0,0.0
2011-11-08,0.0,0.0,0.0,0.0,0.0
2011-11-09,0.0,0.0,0.0,0.0,0.0
2011-11-11,0.0,0.0,0.0,0.0,0.0
2011-11-14,0.0,0.0,0.0,0.0,0.0
2011-11-15,0.0,0.0,0.0,0.0,0.0
2011-11-16,0.0,0.0,0.0,0.0,0.0
2011-11-17,0.0,0.0,0.0,0.0,0.0
2011-11-18,0.0,0.0,0.0,0.0,0.0
2011-11-21,0.0,0.0,0.0,0.0,0.0
2011-11-22,0.0,0.0,0.0,0.0,0.0
2011-11-23,0.0,0.0,0.0,0.0,0.0
2011-11-24,0.0,0.0,0.0,0.0,0.0
2011-11-25,0.0,0.0,0.0,0.0,0.0
2011-11-28,0.0,0.0,0.0,0.0,0.0
2011-11-29,0.0,0.0,0.0,0.0,0.0
2011-11-30,0.0,0.0,0.0,0.0,0.0
2011-12-01,0.0,0.0,0.0,0.0,0.0
2011-12-02,0.0,0.0,0.0,0.0,0.0
2011-12-05,0.0,0.0,0.0,0.0,0.0
2011-12-07,0.0,0.0,0.0,0.0,0.0
2011-12-08,0.0,0.0,0.0,0.0,0.0
2011-12-09,0.0,0.0,0.0,0.0,0.0
2011-12-12,0.0,0.0,0.0,0.0,0.0
2011-12-13,0.0,0.0,0.0,0.0,0.0
2011-12-14,0.0,0.0,0.0,0.0,0.0
2011-12-15,0.0,0.0,0.0,0.0,0.0
2011-12-16,0.0,0.0,0.0,0.0,0.0
2011-12-19,0.0,0.0,0.0,0.0,0.0
2011-12-20,0.0,0.0,0.0,0.0,0.0
2011-12-21,0.0,0.0,0.0,0.0,0.0
2011-12-22,0.0,0.0,0.0,0.0,0.0
2011-12-23,0.0,0.0,0.0,0.0,0.0
2011-12-26,0.0,0.0,0.0,0.0,0.0
2011-12-27,0.0,0.0,0.0,0.0,0.0
2011-12-28,0.0,0.0,0.0,0.0,0.0
2011-12-29,0.0,0.0,0.0,0.0,0.0
2011-12-30,0.0,0.0,0.0,0.0,0.0
2012-01-02,0.0,0.0,0.0,0.0,0.0
2012-01-03,0.0,0.0,0.0,0.0,0.0
2012-01-04,0.0,0.0,0.0,0.0,0.0
2012-01-05,0.0,0.0,0.0,0.0,0.0
2012-01-06,0.0,0.0,0.0,0.0,0.0
2012-01-09,0.0,0.0,0.0,0.0,0.0
2012-01-10,0.0,0.0,0.0,0.0,0.0
2012-01-11,0.0,0.0,0.0,0.0,0.0
2012-01-12,0.0,0.0,0.0,0.0,0.0
2012-01-13,0.0,0.0,0.0,0.0,0.0
2012-01-16,0.0,0.0,0.0,0.0,0.0
2012-01-17,0.0,0.0,0.0,0.0,0.0
2012-01-18,0.0,0.0,0.0,0.0,0.0
2012-01-19,0.0,0.0,0.0,0.0,0.0
2012-01-20,0.0,0.0,0.0,0.0,0.0
2012-01-23,0.0,0.0,0.0,0.0,0.0
2012-01-24,0.0,0.0,0.0,0.0,0.0
2012-01-25,0.0,0.0,0.0,0.0,0.0
2012-01-27,0.0,0.0,0.0,0.0,0.0
2012-01-30,0.0,0.0,0.0,0.0,0.0
2012-01-31,0.0,0.0,0.0,0.0,0.0
2012-02-01,0.0,0.0,0.0,0.0,0.0
2012-02-02,0.0,0.0,0.0,0.0,0.0
2012-02-03,0.0,0.0,0.0,0.0,0.0
2012-02-06,0.0,0.0,0.0,0.0,0.0
2012-02-07,0.0,0.0,0.0,0.0,0.0
2012-02-08,0.0,0.0,0.0,0.0,0.0
2012-02-09,0.0,0.0,0.0,0.0,0.0
2012-02-10,0.0,0.0,0.0,0.0,0.0
2012-02-13,0.0,0.0,0.0,0.0,0.0
2012-02-14,0.0,0.0,0.0,0.0,0.0
2012-02-15,0.0,0.0,0.0,0.0,0.0
2012-02-16,0.0,0.0,0.0,0.0,0.0
2012-02-17,0.0,0.0,0.0,0.0,0.0
2012-02-21,0.0,0.0,0.0,0.0,0.0
2012-02-22,0.0,0.0,0.0,0.0,0.0
2012-02-23,0.0,0.0,0.0,0.0,0.0
2012-02-24,0.0,0.0,0.0,0.0,0.0
2012-02-27,0.0,0.0,0.0,0.0,0.0
2012-02-28,0.0,0.0,0.0,0.0,0.0
2012-02-29,0.0,0.0,0.0,0.0,0.0
2012-03-01,0.0,0.0,0.0,0.0,0.0
2012-03-02,0.0,0.0,0.0,0.0,0.0
2012-03-05,0.0,0.0,0.0,0.0,0.0
2012-03-06,0.0,0.0,0.0,0.0,0.0
2012-03-07,0.0,0.0,0.0,0.0,0.0
2012-03-09,0.0,0.0,0.0,0.0,0.0
2012-03-12,0.0,0.0,0.0,0.0,0.0
2012-03-13,0.0,0.0,0.0,0.0,0.0
2012-03-14,0.0,0.0,0.0,0.0,0.0
2012-03-15,0.0,0.0,0.0,0.0,0.0
2012-03-16,0.0,0.0,0.0,0.0,0.0
2012-03-19,0.0,0.0,0.0,0.0,0.0
2012-03-20,0.0,0.0,0.0,0.0,0.0
2012-03-21,0.0,0.0,0.0,0.0,0.0
2012-03-22,0.0,0.0,0.0,0.0,0.0
2012-03-23,0.0,0.0,0.0,0.0,0.0
2012-03-26,0.0,0.0,0.0,0.0,0.0
2012-03-27,0.0,0.0,0.0,0.0,0.0
2012-03-28,0.0,0.0,0.0,0.0,0.0
2012-03-29,0.0,0.0,0.0,0.0,0.0
2012-03-30,0.0,0.0,0.0,0.0,0.0
2012-04-02,0.0,0.0,0.0,0.0,0.0
2012-04-03,0.0,0.0,0.0,0.0,0.0
2012-04-04,0.0,0.0,0.0,0.0,0.0
2012-04-09,0.0,0.0,0.0,0.0,0.0
2012-04-10,0.0,0.0,0.0,0.0,0.0
2012-04-11,0.0,0.0,0.0,0.0,0.0
2012-04-12,0.0,0.0,0.0,0.0,0.0
2012-04-13,0.0,0.0,0.0,0.0,0.0
2012-04-16,0.0,0.0,0.0,0.0,0.0
2012-04-17,0.0,0.0,0.0,0.0,0.0
2012-04-18,0.0,0.0,0.0,0.0,0.0
2012-04-19,0.0,0.0,0.0,0.0,0.0
2012-04-20,0.0,0.0,0.0,0.0,0.0
2012-04-23,0.0,0.0,0.0,0.0,0.0
2012-04-24,0.0,0.0,0.0,0.0,0.0
2012-04-25,0.0,0.0,0.0,0.0,0.0
2012-04-26,0.0,0.0,0.0,0.0,0.0
2012-04-27,0.0,0.0,0.0,0.0,0.0
2012-04-30,0.0,0.0,0.0,0.0,0.0
2012-05-02,0.0,0.0,0.0,0.0,0.0
2012-05-03,0.0,0.0,0.0,0.0,0.0
2012-05-04,0.0,0.0,0.0,0.0,0.0
2012-05-07,0.0,0.0,0.0,0.0,0.0
2012-05-08,0.0,0.0,0.0,0.0,0.0
2012-05-09,0.0,0.0,0.0,0.0,0.0
2012-05-10,0.0,0.0,0.0,0.0,0.0
2012-05-11,0.0,0.0,0.0,0.0,0.0
2012-05-14,0.0,0.0,0.0,0.0,0.0
2012-05-15,0.0,0.0,0.0,0.0,0.0
2012-05-16,0.0,0.0,0.0,0.0,0.0
2012-05-17,0.0,0.0,0.0,0.0,0.0
2012-05-18,0.0,0.0,0.0,0.0,0.0
2012-05-21,0.0,0.0,0.0,0.0,0.0
2012-05-22,0.0,0.0,0.0,0.0,0.0
2012-05-23,0.0,0.0,0.0,0.0,0.0
2012-05-24,0.0,0.0,0.0,0.0,0.0
2012-05-25,0.0,0.0,0.0,0.0,0.0
2012-05-28,0.0,0.0,0.0,0.0,0.0
2012-05-29,0.0,0.0,0.0,0.0,0.0
2012-05-30,0.0,0.0,0.0,0.0,0.0
2012-05-31,0.0,0.0,0.0,0.0,0.0
2012-06-01,0.0,0.0,0.0,0.0,0.0
2012-06-04,0.0,0.0,0.0,0.0,0.0
2012-06-05,0.0,0.0,0.0,0.0,0.0
2012-06-06,0.0,0.0,0.0,0.0,0.0
2012-06-07,0.0,0.0,0.0,0.0,0.0
2012-06-08,0.0,0.0,0.0,0.0,0.0
2012-06-11,0.0,0.0,0.0,0.0,0.0
2012-06-12,0.0,0.0,0.0,0.0,0.0
2012-06-13,0.0,0.0,0.0,0.0,0.0
2012-06-14,0.0,0.0,0.0,0.0,0.0
2012-06-15,0.0,0.0,0.0,0.0,0.0
2012-06-18,0.0,0.0,0.0,0.0,0.0
2012-06-19,0.0,0.0,0.0,0.0,0.0
2012-06-20,0.0,0.0,0.0,0.0,0.0
2012-06-21,0.0,0.0,0.0,0.0,0.0
2012-06-22,0.0,0.0,0.0,0.0,0.0
2012-06-25,0.0,0.0,0.0,0.0,0.0
2012-06-26,0.0,0.0,0.0,0.0,0.0
2012-06-27,0.0,0.0,0.0,0.0,0.0
2012-06-28,0.0,0.0,0.0,0.0,0.0
2012-06-29,0.0,0.0,0.0,0.0,0.0
2012-07-02,0.0,0.0,0.0,0.0,0.0
2012-07-03,0.0,0.0,0.0,0.0,0.0
2012-07-04,0.0,0.0,0.0,0.0,0.0
2012-07-05,0.0,0.0,0.0,0.0,0.0
2012-07-06,0.0,0.0,0.0,0.0,0.0
2012-07-09,0.0,0.0,0.0,0.0,0.0
2012-07-10,0.0,0.0,0.0,0.0,0.0
2012-07-11,0.0,0.0,0.0,0.0,0.0
2012-07-12,0.0,0.0,0.0,0.0,0.0
2012-07-13,0.0,0.0,0.0,0.0,0.0
2012-07-16,0.0,0.0,0.0,0.0,0.0
2012-07-17,0.0,0.0,0.0,0.0,0.0
2012-07-18,0.0,0.0,0.0,0.0,0.0
2012-07-19,0.0,0.0,0.0,0.0,0.0
2012-07-20,0.0,0.0,0.0,0.0,0.0
2012-07-23,0.0,0.0,0.0,0.0,0.0
2012-07-24,0.0,0.0,0.0,0.0,0.0
2012-07-25,0.0,0.0,0.0,0.0,0.0
2012-07-26,0.0,0.0,0.0,0.0,0.0
2012-07-27,0.0,0.0,0.0,0.0,0.0
2012-07-30,0.0,0.0,0.0,0.0,0.0
2012-07-31,0.0,0.0,0.0,0.0,0.0
2012-08-01,0.0,0.0,0.0,0.0,0.0
2012-08-02,0.0,0.0,0.0,0.0,0.0
2012-08-03,0.0,0.0,0.0,0.0,0.0
2012-08-06,0.0,0.0,0.0,0.0,0.0
2012-08-07,0.0,0.0,0.0,0.0,0.0
2012-08-08,0.0,0.0,0.0,0.0,0.0
2012-08-09,0.0,0.0,0.0,0.0,0.0
2012-08-10,0.0,0.0,0.0,0.0,0.0
2012-08-13,0.0,0.0,0.0,0.0,0.0
2012-08-14,0.0,0.0,0.0,0.0,0.0
2012-08-16,0.0,0.0,0.0,0.0,0.0
2012-08-17,0.0,0.0,0.0,0.0,0.0
2012-08-21,0.0,0.0,0.0,0.0,0.0
2012-08-22,0.0,0.0,0.0,0.0,0.0
2012-08-23,0.0,0.0,0.0,0.0,0.0
2012-08-24,0.0,0.0,0.0,0.0,0.0
2012-08-27,0.0,0.0,0.0,0.0,0.0
2012-08-28,0.0,0.0,0.0,0.0,0.0
2012-08-29,0.0,0.0,0.0,0.0,0.0
2012-08-30,0.0,0.0,0.0,0.0,0.0
2012-08-31,0.0,0.0,0.0,0.0,0.0
2012-09-03,0.0,0.0,0.0,0.0,0.0
2012-09-04,0.0,0.0,0.0,0.0,0.0
2012-09-05,0.0,0.0,0.0,0.0,0.0
2012-09-06,0.0,0.0,0.0,0.0,0.0
2012-09-07,0.0,0.0,0.0,0.0,0.0
2012-09-10,0.0,0.0,0.0,0.0,0.0
2012-09-11,0.0,0.0,0.0,0.0,0.0
2012-09-12,0.0,0.0,0.0,0.0,0.0
2012-09-13,0.0,0.0,0.0,0.0,0.0
2012-09-14,0.0,0.0,0.0,0.0,0.0
2012-09-17,0.0,0.0,0.0,0.0,0.0
2012-09-18,0.0,0.0,0.0,0.0,0.0
2012-09-20,0.0,0.0,0.0,0.0,0.0
2012-09-21,0.0,0.0,0.0,0.0,0.0
2012-09-24,0.0,0.0,0.0,0.0,0.0
2012-09-25,0.0,0.0,0.0,0.0,0.0
2012-09-26,0.0,0.0,0.0,0.0,0.0
2012-09-27,0.0,0.0,0.0,0.0,0.0
2012-09-28,0.0,0.0,0.0,0.0,0.0
2012-10-01,0.0,0.0,0.0,0.0,0.0
2012-10-03,0.0,0.0,0.0,0.0,0.0
2012-10-04,0.0,0.0,0.0,0.0,0.0
2012-10-05,0.0,0.0,0.0,0.0,0.0
2012-10-08,0.0,0.0,0.0,0.0,0.0
2012-10-09,0.0,0.0,0.0,0.0,0.0
2012-10-10,0.0,0.0,0.0,0.0,0.0
2012-10-11,0.0,0.0,0.0,0.0,0.0
2012-10-12,0.0,0.0,0.0,0.0,0.0
2012-10-15,0.0,0.0,0.0,0.0,0.0
2012-10-16,0.0,0.0,0.0,0.0,0.0
2012-10-17,0.0,0.0,0.0,0.0,0.0
2012-10-18,0.0,0.0,0.0,0.0,0.0
2012-10-19,0.0,0.0,0.0,0.0,0.0
2012-10-22,0.0,0.0,0.0,0.0,0.0
2012-10-23,0.0,0.0,0.0,0.0,0.0
2012-10-25,0.0,0.0,0.0,0.0,0.0
2012-10-26,0.0,0.0,0.0,0.0,0.0
2012-10-29,0.0,0.0,0.0,0.0,0.0
2012-10-30,0.0,0.0,0.0,0.0,0.0
2012-10-31,0.0,0.0,0.0,0.0,0.0
2012-11-01,0.0,0.0,0.0,0.0,0.0
2012-11-02,0.0,0.0,0.0,0.0,0.0
2012-11-05,0.0,0.0,0.0,0.0,0.0
2012-11-06,0.0,0.0,0.0,0.0,0.0
2012-11-07,0.0,0.0,0.0,0.0,0.0
2012-11-08,0.0,0.0,0.0,0.0,0.0
2012-11-09,0.0,0.0,0.0,0.0,0.0
2012-11-12,0.0,0.0,0.0,0.0,0.0
2012-11-13,0.0,0.0,0.0,0.0,0.0
2012-11-15,0.0,0.0,0.0,0.0,0.0
2012-11-16,0.0,0.0,0.0,0.0,0.0
2012-11-19,0.0,0.0,0.0,0.0,0.0
2012-11-20,0.0,0.0,0.0,0.0,0.0
2012-11-21,0.0,0.0,0.0,0.0,0.0
2012-11-22,0.0,0.0,0.0,0.0,0.0
2012-11-23,0.0,0.0,0.0,0.0,0.0
2012-11-26,0.0,0.0,0.0,0.0,0.0
2012-11-27,0.0,0.0,0.0,0.0,0.0
2012-11-29,0.0,0.0,0.0,0.0,0.0
2012-11-30,0.0,0.0,0.0,0.0,0.0
2012-12-03,0.0,0.0,0.0,0.0,0.0
2012-12-04,0.0,0.0,0.0,0.0,0.0
2012-12-05,0.0,0.0,0.0,0.0,0.0
2012-12-06,0.0,0.0,0.0,0.0,0.0
2012-12-07,0.0,0.0,0.0,0.0,0.0
2012-12-10,0.0,0.0,0.0,0.0,0.0
2012-12-11,0.0,0.0,0.0,0.0,0.0
2012-12-12,0.0,0.0,0.0,0.0,0.0
2012-12-13,0.0,0.0,0.0,0.0,0.0
2012-12-14,0.0,0.0,0.0,0.0,0.0
2012-12-17,0.0,0.0,0.0,0.0,0.0
2012-12-18,0.0,0.0,0.0,0.0,0.0
2012-12-19,0.0,0.0,0.0,0.0,0.0
2012-12-20,0.0,0.0,0.0,0.0,0.0
2012-12-21,0.0,0.0,0.0,0.0,0.0
2012-12-24,0.0,0.0,0.0,0.0,0.0
2012-12-26,0.0,0.0,0.0,0.0,0.0
2012-12-27,0.0,0.0,0.0,0.0,0.0
2012-12-28,0.0,0.0,0.0,0.0,0.0
2012-12-31,0.0,0.0,0.0,0.0,0.0
2013-01-01,0.0,0.0,0.0,0.0,0.0
2013-01-02,0.0,0.0,0.0,0.0,0.0
2013-01-03,0.0,0.0,0.0,0.0,0.0
2013-01-04,0.0,0.0,0.0,0.0,0.0
2013-01-07,0.0,0.0,0.0,0.0,0.0
2013-01-08,0.0,0.0,0.0,0.0,0.0
2013-01-09,0.0,0.0,0.0,0.0,0.0
2013-01-10,0.0,0.0,0.0,0.0,0.0
2013-01-11,0.0,0.0,0.0,0.0,0.0
2013-01-14,0.0,0.0,0.0,0.0,0.0
2013-01-15,0.0,0.0,0.0,0.0,0.0
2013-01-16,0.0,0.0,0.0,0.0,0.0
2013-01-17,0.0,0.0,0.0,0.0,0.0
2013-01-18,0.0,0.0,0.0,0.0,0.0
2013-01-21,0.0,0.0,0.0,0.0,0.0
2013-01-22,0.0,0.0,0.0,0.0,0.0
2013-01-23,0.0,0.0,0.0,0.0,0.0
2013-01-24,0.0,0.0,0.0,0.0,0.0
2013-01-25,0.0,0.0,0.0,0.0,0.0
2013-01-28,0.0,0.0,0.0,0.0,0.0
2013-01-29,0.0,0.0,0.0,0.0,0.0
2013-01-30,0.0,0.0,0.0,0.0,0.0
2013-01-31,0.0,0.0,0.0,0.0,0.0
2013-02-01,0.0,0.0,0.0,0.0,0.0
2013-02-04,0.0,0.0,0.0,0.0,0.0
2013-02-05,0.0,0.0,0.0,0.0,0.0
2013-02-06,0.0,0.0,0.0,0.0,0.0
2013-02-07,0.0,0.0,0.0,0.0,0.0
2013-02-08,0.0,0.0,0.0,0.0,0.0
2013-02-11,0.0,0.0,0.0,0.0,0.0
2013-02-12,0.0,0.0,0.0,0.0,0.0
2013-02-13,0.0,0.0,0.0,0.0,0.0
2013-02-14,0.0,0.0,0.0,0.0,0.0
2013-02-15,0.0,0.0,0.0,0.0,0.0
2013-02-18,0.0,0.0,0.0,0.0,0.0
2013-02-19,0.0,0.0,0.0,0.0,0.0
2013-02-20,0.0,0.0,0.0,0.0,0.0
2013-02-21,0.0,0.0,0.0,0.0,0.0
2013-02-22,0.0,0.0,0.0,0.0,0.0
2013-02-25,0.0,0.0,0.0,0.0,0.0
2013-02-26,0.0,0.0,0.0,0.0,0.0
2013-02-27,0.0,0.0,0.0,0.0,0.0
2013-02-28,0.0,0.0,0.0,0.0,0.0
2013-03-01,0.0,0.0,0.0,0.0,0.0
2013-03-04,0.0,0.0,0.0,0.0,0.0
2013-03-05,0.0,0.0,0.0,0.0,0.0
2013-03-06,0.0,0.0,0.0,0.0,0.0
2013-03-07,0.0,0.0,0.0,0.0,0.0
2013-03-08,0.0,0.0,0.0,0.0,0.0
2013-03-11,0.0,0.0,0.0,0.0,0.0
2013-03-12,0.0,0.0,0.0,0.0,0.0
2013-03-13,0.0,0.0,0.0,0.0,0.0
2013-03-14,0.0,0.0,0.0,0.0,0.0
2013-03-15,0.0,0.0,0.0,0.0,0.0
2013-03-18,0.0,0.0,0.0,0.0,0.0
2013-03-19,0.0,0.0,0.0,0.0,0.0
2013-03-20,0.0,0.0,0.0,0.0,0.0
2013-03-21,0.0,0.0,0.0,0.0,0.0
2013-03-22,0.0,0.0,0.0,0.0,0.0
2013-03-25,0.0,0.0,0.0,0.0,0.0
2013-03-26,0.0,0.0,0.0,0.0,0.0
2013-03-28,0.0,0.0,0.0,0.0,0.0
2013-04-01,0.0,0.0,0.0,0.0,0.0
2013-04-02,0.0,0.0,0.0,0.0,0.0
2013-04-03,0.0,0.0,0.0,0.0,0.0
2013-04-04,0.0,0.0,0.0,0.0,0.0
2013-04-05,0.0,0.0,0.0,0.0,0.0
2013-04-08,0.0,0.0,0.0,0.0,0.0
2013-04-09,0.0,0.0,0.0,0.0,0.0
2013-04-10,0.0,0.0,0.0,0.0,0.0
2013-04-11,0.0,0.0,0.0,0.0,0.0
2013-04-12,0.0,0.0,0.0,0.0,0.0
2013-04-15,0.0,0.0,0.0,0.0,0.0
2013-04-16,0.0,0.0,0.0,0.0,0.0
2013-04-17,0.0,0.0,0.0,0.0,0.0
2013-04-18,0.0,0.0,0.0,0.0,0.0
2013-04-22,0.0,0.0,0.0,0.0,0.0
2013-04-23,0.0,0.0,0.0,0.0,0.0
2013-04-25,0.0,0.0,0.0,0.0,0.0
2013-04-26,0.0,0.0,0.0,0.0,0.0
2013-04-29,0.0,0.0,0.0,0.0,0.0
2013-04-30,0.0,0.0,0.0,0.0,0.0
2013-05-02,0.0,0.0,0.0,0.0,0.0
2013-05-03,0.0,0.0,0.0,0.0,0.0
2013-05-06,0.0,0.0,0.0,0.0,0.0
2013-05-07,0.0,0.0,0.0,0.0,0.0
2013-05-08,0.0,0.0,0.0,0.0,0.0
2013-05-09,0.0,0.0,0.0,0.0,0.0
2013-05-10,0.0,0.0,0.0,0.0,0.0
2013-05-13,0.0,0.0,0.0,0.0,0.0
2013-05-14,0.0,0.0,0.0,0.0,0.0
2013-05-15,0.0,0.0,0.0,0.0,0.0
2013-05-16,0.0,0.0,0.0,0.0,0.0
2013-05-17,0.0,0.0,0.0,0.0,0.0
2013-05-20,0.0,0.0,0.0,0.0,0.0
2013-05-21,0.0,0.0,0.0,0.0,0.0
2013-05-22,0.0,0.0,0.0,0.0,0.0
2013-05-23,0.0,0.0,0.0,0.0,0.0
2013-05-24,0.0,0.0,0.0,0.0,0.0
2013-05-27,0.0,0.0,0.0,0.0,0.0
2013-05-28,0.0,0.0,0.0,0.0,0.0
2013-05-29,0.0,0.0,0.0,0.0,0.0
2013-05-30,0.0,0.0,0.0,0.0,0.0
2013-05-31,0.0,0.0,0.0,0.0,0.0
2013-06-03,0.0,0.0,0.0,0.0,0.0
2013-06-04,0.0,0.0,0.0,0.0,0.0
2013-06-05,0.0,0.0,0.0,0.0,0.0
2013-06-06,0.0,0.0,0.0,0.0,0.0
2013-06-07,0.0,0.0,0.0,0.0,0.0
2013-06-10,0.0,0.0,0.0,0.0,0.0
2013-06-11,0.0,0.0,0.0,0.0,0.0
2013-06-12,0.0,0.0,0.0,0.0,0.0
2013-06-13,0.0,0.0,0.0,0.0,0.0
2013-06-14,0.0,0.0,0.0,0.0,0.0
2013-06-17,0.0,0.0,0.0,0.0,0.0
2013-06-18,0.0,0.0,0.0,0.0,0.0
2013-06-19,0.0,0.0,0.0,0.0,0.0
2013-06-20,0.0,0.0,0.0,0.0,0.0
2013-06-21,0.0,0.0,0.0,0.0,0.0
2013-06-24,0.0,0.0,0.0,0.0,0.0
2013-06-25,0.0,0.0,0.0,0.0,0.0
2013-06-26,0.0,0.0,0.0,0.0,0.0
2013-06-27,0.0,0.0,0.0,0.0,0.0
2013-06-28,0.0,0.0,0.0,0.0,0.0
2013-07-01,0.0,0.0,0.0,0.0,0.0
2013-07-02,0.0,0.0,0.0,0.0,0.0
2013-07-03,0.0,0.0,0.0,0.0,0.0
2013-07-04,0.0,0.0,0.0,0.0,0.0
2013-07-05,0.0,0.0,0.0,0.0,0.0
2013-07-08,0.0,0.0,0.0,0.0,0.0
2013-07-09,0.0,0.0,0.0,0.0,0.0
2013-07-10,0.0,0.0,0.0,0.0,0.0
2013-07-11,0.0,0.0,0.0,0.0,0.0
2013-07-12,0.0,0.0,0.0,0.0,0.0
2013-07-15,0.0,0.0,0.0,0.0,0.0
2013-07-16,0.0,0.0,0.0,0.0,0.0
2013-07-17,0.0,0.0,0.0,0.0,0.0
2013-07-18,0.0,0.0,0.0,0.0,0.0
2013-07-19,0.0,0.0,0.0,0.0,0.0
2013-07-22,0.0,0.0,0.0,0.0,0.0
2013-07-23,0.0,0.0,0.0,0.0,0.0
2013-07-24,0.0,0.0,0.0,0.0,0.0
2013-07-25,0.0,0.0,0.0,0.0,0.0
2013-07-26,0.0,0.0,0.0,0.0,0.0
2013-07-29,0.0,0.0,0.0,0.0,0.0
2013-07-30,0.0,0.0,0.0,0.0,0.0
2013-07-31,0.0,0.0,0.0,0.0,0.0
2013-08-01,0.0,0.0,0.0,0.0,0.0
2013-08-02,0.0,0.0,0.0,0.0,0.0
2013-08-05,0.0,0.0,0.0,0.0,0.0
2013-08-06,0.0,0.0,0.0,0.0,0.0
2013-08-07,0.0,0.0,0.0,0.0,0.0
2013-08-08,0.0,0.0,0.0,0.0,0.0
2013-08-12,0.0,0.0,0.0,0.0,0.0
2013-08-13,0.0,0.0,0.0,0.0,0.0
2013-08-14,0.0,0.0,0.0,0.0,0.0
2013-08-16,0.0,0.0,0.0,0.0,0.0
2013-08-19,0.0,0.0,0.0,0.0,0.0
2013-08-20,0.0,0.0,0.0,0.0,0.0
2013-08-21,0.0,0.0,0.0,0.0,0.0
2013-08-22,0.0,0.0,0.0,0.0,0.0
2013-08-23,0.0,0.0,0.0,0.0,0.0
2013-08-26,0.0,0.0,0.0,0.0,0.0
2013-08-27,0.0,0.0,0.0,0.0,0.0
2013-08-28,0.0,0.0,0.0,0.0,0.0
2013-08-29,0.0,0.0,0.0,0.0,0.0
2013-08-30,0.0,0.0,0.0,0.0,0.0
2013-09-02,0.0,0.0,0.0,0.0,0.0
2013-09-03,0.0,0.0,0.0,0.0,0.0
2013-09-04,0.0,0.0,0.0,0.0,0.0
2013-09-05,0.0,0.0,0.0,0.0,0.0
2013-09-06,0.0,0.0,0.0,0.0,0.0
2013-09-10,0.0,0.0,0.0,0.0,0.0
2013-09-11,0.0,0.0,0.0,0.0,0.0
2013-09-12,0.0,0.0,0.0,0.0,0.0
2013-09-13,0.0,0.0,0.0,0.0,0.0
2013-09-16,0.0,0.0,0.0,0.0,0.0
2013-09-17,0.0,0.0,0.0,0.0,0.0
2013-09-18,0.0,0.0,0.0,0.0,0.0
2013-09-19,0.0,0.0,0.0,0.0,0.0
2013-09-20,0.0,0.0,0.0,0.0,0.0
2013-09-23,0.0,0.0,0.0,0.0,0.0
2013-09-24,0.0,0.0,0.0,0.0,0.0
2013-09-25,0.0,0.0,0.0,0.0,0.0
2013-09-26,0.0,0.0,0.0,0.0,0.0
2013-09-27,0.0,0.0,0.0,0.0,0.0
2013-09-30,0.0,0.0,0.0,0.0,0.0
2013-10-01,0.0,0.0,0.0,0.0,0.0
2013-10-03,0.0,0.0,0.0,0.0,0.0
2013-10-04,0.0,0.0,0.0,0.0,0.0
2013-10-07,0.0,0.0,0.0,0.0,0.0
2013-10-08,0.0,0.0,0.0,0.0,0.0
2013-10-09,0.0,0.0,0.0,0.0,0.0
2013-10-10,0.0,0.0,0.0,0.0,0.0
2013-10-11,0.0,0.0,0.0,0.0,0.0
2013-10-14,0.0,0.0,0.0,0.0,0.0
2013-10-15,0.0,0.0,0.0,0.0,0.0
2013-10-17,0.0,0.0,0.0,0.0,0.0
2013-10-18,0.0,0.0,0.0,0.0,0.0
2013-10-21,0.0,0.0,0.0,0.0,0.0
2013-10-22,0.0,0.0,0.0,0.0,0.0
2013-10-23,0.0,0.0,0.0,0.0,0.0
2013-10-24,0.0,0.0,0.0,0.0,0.0
2013-10-25,0.0,0.0,0.0,0.0,0.0
2013-10-28,0.0,0.0,0.0,0.0,0.0
2013-10-29,0.0,0.0,0.0,0.0,0.0
2013-10-30,0.0,0.0,0.0,0.0,0.0
2013-10-31,0.0,0.0,0.0,0.0,0.0
2013-11-01,0.0,0.0,0.0,0.0,0.0
2013-11-05,0.0,0.0,0.0,0.0,0.0
2013-11-06,0.0,0.0,0.0,0.0,0.0
2013-11-07,0.0,0.0,0.0,0.0,0.0
2013-11-08,0.0,0.0,0.0,0.0,0.0
2013-11-11,0.0,0.0,0.0,0.0,0.0
2013-11-12,0.0,0.0,0.0,0.0,0.0
2013-11-13,0.0,0.0,0.0,0.0,0.0
2013-11-14,0.0,0.0,0.0,0.0,0.0
2013-11-18,0.0,0.0,0.0,0.0,0.0
2013-11-19,0.0,0.0,0.0,0.0,0.0
2013-11-20,0.0,0.0,0.0,0.0,0.0
2013-11-21,0.0,0.0,0.0,0.0,0.0
2013-11-22,0.0,0.0,0.0,0.0,0.0
2013-11-25,0.0,0.0,0.0,0.0,0.0
2013-11-26,0.0,0.0,0.0,0.0,0.0
2013-11-27,0.0,0.0,0.0,0.0,0.0
2013-11-28,0.0,0.0,0.0,0.0,0.0
2013-11-29,0.0,0.0,0.0,0.0,0.0
2013-12-02,0.0,0.0,0.0,0.0,0.0
2013-12-03,0.0,0.0,0.0,0.0,0.0
2013-12-04,0.0,0.0,0.0,0.0,0.0
2013-12-05,0.0,0.0,0.0,0.0,0.0
2013-12-06,0.0,0.0,0.0,0.0,0.0
2013-12-09,0.0,0.0,0.0,0.0,0.0
2013-12-10,0.0,0.0,0.0,0.0,0.0
2013-12-11,0.0,0.0,0.0,0.0,0.0
2013-12-12,0.0,0.0,0.0,0.0,0.0
2013-12-13,0.0,0.0,0.0,0.0,0.0
2013-12-16,0.0,0.0,0.0,0.0,0.0
2013-12-17,0.0,0.0,0.0,0.0,0.0
2013-12-18,0.0,0.0,0.0,0.0,0.0
2013-12-19,0.0,0.0,0.0,0.0,0.0
2013-12-20,0.0,0.0,0.0,0.0,0.0
2013-12-23,0.0,0.0,0.0,0.0,0.0
2013-12-24,0.0,0.0,0.0,0.0,0.0
2013-12-26,0.0,0.0,0.0,0.0,0.0
2013-12-27,0.0,0.0,0.0,0.0,0.0
2013-12-30,0.0,0.0,0.0,0.0,0.0
2013-12-31,0.0,0.0,0.0,0.0,0.0
2014-01-01,0.0,0.0,0.0,0.0,0.0
2014-01-02,0.0,0.0,0.0,0.0,0.0
2014-01-03,0.0,0.0,0.0,0.0,0.0
2014-01-06,0.0,0.0,0.0,0.0,0.0
2014-01-07,0.0,0.0,0.0,0.0,0.0
2014-01-08,0.0,0.0,0.0,0.0,0.0
2014-01-09,0.0,0.0,0.0,0.0,0.0
2014-01-10,0.0,0.0,0.0,0.0,0.0
2014-01-13,0.0,0.0,0.0,0.0,0.0
2014-01-14,0.0,0.0,0.0,0.0,0.0
2014-01-15,0.0,0.0,0.0,0.0,0.0
2014-01-16,0.0,0.0,0.0,0.0,0.0
2014-01-17,0.0,0.0,0.0,0.0,0.0
2014-01-20,0.0,0.0,0.0,0.0,0.0
2014-01-21,0.0,0.0,0.0,0.0,0.0
2014-01-22,0.0,0.0,0.0,0.0,0.0
2014-01-23,0.0,0.0,0.0,0.0,0.0
2014-01-24,0.0,0.0,0.0,0.0,0.0
2014-01-27,0.0,0.0,0.0,0.0,0.0
2014-01-28,0.0,0.0,0.0,0.0,0.0
2014-01-29,0.0,0.0,0.0,0.0,0.0
2014-01-30,0.0,0.0,0.0,0.0,0.0
2014-01-31,0.0,0.0,0.0,0.0,0.0
2014-02-03,0.0,0.0,0.0,0.0,0.0
2014-02-04,0.0,0.0,0.0,0.0,0.0
2014-02-05,0.0,0.0,0.0,0.0,0.0
2014-02-06,0.0,0.0,0.0,0.0,0.0
2014-02-07,0.0,0.0,0.0,0.0,0.0
2014-02-10,0.0,0.0,0.0,0.0,0.0
2014-02-11,0.0,0.0,0.0,0.0,0.0
2014-02-12,0.0,0.0,0.0,0.0,0.0
2014-02-13,0.0,0.0,0.0,0.0,0.0
2014-02-14,0.0,0.0,0.0,0.0,0.0
2014-02-17,0.0,0.0,0.0,0.0,0.0
2014-02-18,0.0,0.0,0.0,0.0,0.0
2014-02-19,0.0,0.0,0.0,0.0,0.0
2014-02-20,0.0,0.0,0.0,0.0,0.0
2014-02-21,0.0,0.0,0.0,0.0,0.0
2014-02-24,0.0,0.0,0.0,0.0,0.0
2014-02-25,0.0,0.0,0.0,0.0,0.0
2014-02-26,0.0,0.0,0.0,0.0,0.0
2014-02-28,0.0,0.0,0.0,0.0,0.0
2014-03-03,0.0,0.0,0.0,0.0,0.0
2014-03-04,0.0,0.0,0.0,0.0,0.0
2014-03-05,0.0,0.0,0.0,0.0,0.0
2014-03-06,0.0,0.0,0.0,0.0,0.0
2014-03-07,0.0,0.0,0.0,0.0,0.0
2014-03-10,0.0,0.0,0.0,0.0,0.0
2014-03-11,0.0,0.0,0.0,0.0,0.0
2014-03-12,0.0,0.0,0.0,0.0,0.0
2014-03-13,0.0,0.0,0.0,0.0,0.0
2014-03-14,0.0,0.0,0.0,0.0,0.0
2014-03-18,0.0,0.0,0.0,0.0,0.0
2014-03-19,0.0,0.0,0.0,0.0,0.0
2014-03-20,0.0,0.0,0.0,0.0,0.0
2014-03-21,0.0,0.0,0.0,0.0,0.0
2014-03-24,0.0,0.0,0.0,0.0,0.0
2014-03-25,0.0,0.0,0.0,0.0,0.0
2014-03-26,0.0,0.0,0.0,0.0,0.0
2014-03-27,0.0,0.0,0.0,0.0,0.0
2014-03-28,0.0,0.0,0.0,0.0,0.0
2014-03-31,0.0,0.0,0.0,0.0,0.0
2014-04-01,0.0,0.0,0.0,0.0,0.0
2014-04-02,0.0,0.0,0.0,0.0,0.0
2014-04-03,0.0,0.0,0.0,0.0,0.0
2014-04-04,0.0,0.0,0.0,0.0,0.0
2014-04-07,0.0,0.0,0.0,0.0,0.0
2014-04-09,0.0,0.0,0.0,0.0,0.0
2014-04-10,0.0,0.0,0.0,0.0,0.0
2014-04-11,0.0,0.0,0.0,0.0,0.0
2014-04-15,0.0,0.0,0.0,0.0,0.0
2014-04-16,0.0,0.0,0.0,0.0,0.0
2014-04-17,0.0,0.0,0.0,0.0,0.0
2014-04-21,0.0,0.0,0.0,0.0,0.0
2014-04-22,0.0,0.0,0.0,0.0,0.0
2014-04-23,0.0,0.0,0.0,0.0,0.0
2014-04-25,0.0,0.0,0.0,0.0,0.0
2014-04-28,0.0,0.0,0.0,0.0,0.0
2014-04-29,0.0,0.0,0.0,0.0,0.0
2014-04-30,0.0,0.0,0.0,0.0,0.0
2014-05-02,0.0,0.0,0.0,0.0,0.0
2014-05-05,0.0,0.0,0.0,0.0,0.0
2014-05-06,0.0,0.0,0.0,0.0,0.0
2014-05-07,0.0,0.0,0.0,0.0,0.0
2014-05-08,0.0,0.0,0.0,0.0,0.0
2014-05-09,0.0,0.0,0.0,0.0,0.0
2014-05-12,0.0,0.0,0.0,0.0,0.0
2014-05-13,0.0,0.0,0.0,0.0,0.0
2014-05-14,0.0,0.0,0.0,0.0,0.0
2014-05-15,0.0,0.0,0.0,0.0,0.0
2014-05-16,0.0,0.0,0.0,0.0,0.0
2014-05-19,0.0,0.0,0.0,0.0,0.0
2014-05-20,0.0,0.0,0.0,0.0,0.0
2014-05-21,0.0,0.0,0.0,0.0,0.0
2014-05-22,0.0,0.0,0.0,0.0,0.0
2014-05-23,0.0,0.0,0.0,0.0,0.0
2014-05-26,0.0,0.0,0.0,0.0,0.0
2014-05-27,0.0,0.0,0.0,0.0,0.0
2014-05-28,0.0,0.0,0.0,0.0,0.0
2014-05-29,0.0,0.0,0.0,0.0,0.0
2014-05-30,0.0,0.0,0.0,0.0,0.0
2014-06-02,0.0,0.0,0.0,0.0,0.0
2014-06-03,0.0,0.0,0.0,0.0,0.0
2014-06-04,0.0,0.0,0.0,0.0,0.0
2014-06-05,0.0,0.0,0.0,0.0,0.0
2014-06-06,0.0,0.0,0.0,0.0,0.0
2014-06-09,0.0,0.0,0.0,0.0,0.0
2014-06-10,0.0,0.0,0.0,0.0,0.0
2014-06-11,0.0,0.0,0.0,0.0,0.0
2014-06-12,0.0,0.0,0.0,0.0,0.0
2014-06-13,0.0,0.0,0.0,0.0,0.0
2014-06-16,0.0,0.0,0.0,0.0,0.0
2014-06-17,0.0,0.0,0.0,0.0,0.0
2014-06-18,0.0,0.0,0.0,0.0,0.0
2014-06-19,0.0,0.0,0.0,0.0,0.0
2014-06-20,0.0,0.0,0.0,0.0,0.0
2014-06-23,0.0,0.0,0.0,0.0,0.0
2014-06-24,0.0,0.0,0.0,0.0,0.0
2014-06-25,0.0,0.0,0.0,0.0,0.0
2014-06-26,0.0,0.0,0.0,0.0,0.0
2014-06-27,0.0,0.0,0.0,0.0,0.0
2014-06-30,0.0,0.0,0.0,0.0,0.0
2014-07-01,0.0,0.0,0.0,0.0,0.0
2014-07-02,0.0,0.0,0.0,0.0,0.0
2014-07-03,0.0,0.0,0.0,0.0,0.0
2014-07-04,0.0,0.0,0.0,0.0,0.0
2014-07-07,0.0,0.0,0.0,0.0,0.0
2014-07-08,0.0,0.0,0.0,0.0,0.0
2014-07-09,0.0,0.0,0.0,0.0,0.0
2014-07-10,0.0,0.0,0.0,0.0,0.0
2014-07-11,0.0,0.0,0.0,0.0,0.0
2014-07-14,0.0,0.0,0.0,0.0,0.0
2014-07-15,0.0,0.0,0.0,0.0,0.0
2014-07-16,0.0,0.0,0.0,0.0,0.0
2014-07-17,0.0,0.0,0.0,0.0,0.0
2014-07-18,0.0,0.0,0.0,0.0,0.0
2014-07-21,0.0,0.0,0.0,0.0,0.0
2014-07-22,0.0,0.0,0.0,0.0,0.0
2014-07-23,0.0,0.0,0.0,0.0,0.0
2014-07-24,0.0,0.0,0.0,0.0,0.0
2014-07-25,0.0,0.0,0.0,0.0,0.0
2014-07-28,0.0,0.0,0.0,0.0,0.0
2014-07-30,0.0,0.0,0.0,0.0,0.0
2014-07-31,0.0,0.0,0.0,0.0,0.0
2014-08-01,0.0,0.0,0.0,0.0,0.0
2014-08-04,0.0,0.0,0.0,0.0,0.0
2014-08-05,0.0,0.0,0.0,0.0,0.0
2014-08-06,0.0,0.0,0.0,0.0,0.0
2014-08-07,0.0,0.0,0.0,0.0,0.0
2014-08-08,0.0,0.0,0.0,0.0,0.0
2014-08-11,0.0,0.0,0.0,0.0,0.0
2014-08-12,0.0,0.0,0.0,0.0,0.0
2014-08-13,0.0,0.0,0.0,0.0,0.0
2014-08-14,0.0,0.0,0.0,0.0,0.0
2014-08-18,0.0,0.0,0.0,0.0,0.0
2014-08-19,0.0,0.0,0.0,0.0,0.0
2014-08-20,0.0,0.0,0.0,0.0,0.0
2014-08-21,0.0,0.0,0.0,0.0,0.0
2014-08-22,0.0,0.0,0.0,0.0,0.0
2014-08-25,0.0,0.0,0.0,0.0,0.0
2014-08-26,0.0,0.0,0.0,0.0,0.0
2014-08-27,0.0,0.0,0.0,0.0,0.0
2014-08-28,0.0,0.0,0.0,0.0,0.0
2014-09-01,0.0,0.0,0.0,0.0,0.0
2014-09-02,0.0,0.0,0.0,0.0,0.0
2014-09-03,0.0,0.0,0.0,0.0,0.0
2014-09-04,0.0,0.0,0.0,0.0,0.0
2014-09-05,0.0,0.0,0.0,0.0,0.0
2014-09-08,0.0,0.0,0.0,0.0,0.0
2014-09-09,0.0,0.0,0.0,0.0,0.0
2014-09-10,0.0,0.0,0.0,0.0,0.0
2014-09-11,0.0,0.0,0.0,0.0,0.0
2014-09-12,0.0,0.0,0.0,0.0,0.0
2014-09-15,0.0,0.0,0.0,0.0,0.0
2014-09-16,0.0,0.0,0.0,0.0,0.0
2014-09-17,0.0,0.0,0.0,0.0,0.0
2014-09-18,0.0,0.0,0.0,0.0,0.0
2014-09-19,0.0,0.0,0.0,0.0,0.0
2014-09-22,0.0,0.0,0.0,0.0,0.0
2014-09-23,0.0,0.0,0.0,0.0,0.0
2014-09-24,0.0,0.0,0.0,0.0,0.0
2014-09-25,0.0,0.0,0.0,0.0,0.0
2014-09-26,0.0,0.0,0.0,0.0,0.0
2014-09-29,0.0,0.0,0.0,0.0,0.0
2014-09-30,0.0,0.0,0.0,0.0,0.0
2014-10-01,0.0,0.0,0.0,0.0,0.0
2014-10-07,0.0,0.0,0.0,0.0,0.0
2014-10-08,0.0,0.0,0.0,0.0,0.0
2014-10-09,0.0,0.0,0.0,0.0,0.0
2014-10-10,0.0,0.0,0.0,0.0,0.0
2014-10-13,0.0,0.0,0.0,0.0,0.0
2014-10-14,0.0,0.0,0.0,0.0,0.0
2014-10-16,0.0,0.0,0.0,0.0,0.0
2014-10-17,0.0,0.0,0.0,0.0,0.0
2014-10-20,0.0,0.0,0.0,0.0,0.0
2014-10-21,0.0,0.0,0.0,0.0,0.0
2014-10-22,0.0,0.0,0.0,0.0,0.0
2014-10-23,0.0,0.0,0.0,0.0,0.0
2014-10-27,0.0,0.0,0.0,0.0,0.0
2014-10-28,0.0,0.0,0.0,0.0,0.0
2014-10-29,0.0,0.0,0.0,0.0,0.0
2014-10-30,0.0,0.0,0.0,0.0,0.0
2014-10-31,0.0,0.0,0.0,0.0,0.0
2014-11-03,0.0,0.0,0.0,0.0,0.0
2014-11-05,0.0,0.0,0.0,0.0,0.0
2014-11-07,0.0,0.0,0.0,0.0,0.0
2014-11-10,0.0,0.0,0.0,0.0,0.0
2014-11-11,0.0,0.0,0.0,0.0,0.0
2014-11-12,0.0,0.0,0.0,0.0,0.0
2014-11-13,0.0,0.0,0.0,0.0,0.0
2014-11-14,0.0,0.0,0.0,0.0,0.0
2014-11-17,0.0,0.0,0.0,0.0,0.0
2014-11-18,0.0,0.0,0.0,0.0,0.0
2014-11-19,0.0,0.0,0.0,0.0,0.0
2014-11-20,0.0,0.0,0.0,0.0,0.0
2014-11-21,0.0,0.0,0.0,0.0,0.0
2014-11-24,0.0,0.0,0.0,0.0,0.0
2014-11-25,0.0,0.0,0.0,0.0,0.0
2014-11-26,0.0,0.0,0.0,0.0,0.0
2014-11-27,0.0,0.0,0.0,0.0,0.0
2014-11-28,0.0,0.0,0.0,0.0,0.0
2014-12-01,0.0,0.0,0.0,0.0,0.0
2014-12-02,0.0,0.0,0.0,0.0,0.0
2014-12-03,0.0,0.0,0.0,0.0,0.0
2014-12-04,0.0,0.0,0.0,0.0,0.0
2014-12-05,0.0,0.0,0.0,0.0,0.0
2014-12-08,0.0,0.0,0.0,0.0,0.0
2014-12-09,0.0,0.0,0.0,0.0,0.0
2014-12-10,0.0,0.0,0.0,0.0,0.0
2014-12-11,0.0,0.0,0.0,0.0,0.0
2014-12-12,0.0,0.0,0.0,0.0,0.0
2014-12-15,0.0,0.0,0.0,0.0,0.0
2014-12-16,0.0,0.0,0.0,0.0,0.0
2014-12-17,0.0,0.0,0.0,0.0,0.0
2014-12-18,0.0,0.0,0.0,0.0,0.0
2014-12-19,0.0,0.0,0.0,0.0,0.0
2014-12-22,0.0,0.0,0.0,0.0,0.0
2014-12-23,0.0,0.0,0.0,0.0,0.0
2014-12-24,0.0,0.0,0.0,0.0,0.0
2014-12-26,0.0,0.0,0.0,0.0,0.0
2014-12-29,0.0,0.0,0.0,0.0,0.0
2014-12-30,0.0,0.0,0.0,0.0,0.0
2014-12-31,0.0,0.0,0.0,0.0,0.0
2015-01-01,0.0,0.0,0.0,0.0,0.0
2015-01-02,0.0,0.0,0.0,0.0,0.0
2015-01-05,0.0,0.0,0.0,0.0,0.0
2015-01-06,0.0,0.0,0.0,0.0,0.0
2015-01-07,0.0,0.0,0.0,0.0,0.0
2015-01-08,0.0,0.0,0.0,0.0,0.0
2015-01-09,0.0,0.0,0.0,0.0,0.0
2015-01-12,0.0,0.0,0.0,0.0,0.0
2015-01-13,0.0,0.0,0.0,0.0,0.0
2015-01-14,0.0,0.0,0.0,0.0,0.0
2015-01-15,0.0,0.0,0.0,0.0,0.0
2015-01-16,0.0,0.0,0.0,0.0,0.0
2015-01-19,0.0,0.0,0.0,0.0,0.0
2015-01-20,0.0,0.0,0.0,0.0,0.0
2015-01-21,0.0,0.0,0.0,0.0,0.0
2015-01-22,0.0,0.0,0.0,0.0,0.0
2015-01-23,0.0,0.0,0.0,0.0,0.0
2015-01-27,0.0,0.0,0.0,0.0,0.0
2015-01-28,0.0,0.0,0.0,0.0,0.0
2015-01-29,0.0,0.0,0.0,0.0,0.0
2015-01-30,0.0,0.0,0.0,0.0,0.0
2015-02-02,0.0,0.0,0.0,0.0,0.0
2015-02-03,0.0,0.0,0.0,0.0,0.0
2015-02-04,0.0,0.0,0.0,0.0,0.0
2015-02-05,0.0,0.0,0.0,0.0,0.0
2015-02-06,0.0,0.0,0.0,0.0,0.0
2015-02-09,0.0,0.0,0.0,0.0,0.0
2015-02-10,0.0,0.0,0.0,0.0,0.0
2015-02-11,0.0,0.0,0.0,0.0,0.0
2015-02-12,0.0,0.0,0.0,0.0,0.0
2015-02-13,0.0,0.0,0.0,0.0,0.0
2015-02-16,0.0,0.0,0.0,0.0,0.0
2015-02-18,0.0,0.0,0.0,0.0,0.0
2015-02-19,0.0,0.0,0.0,0.0,0.0
2015-02-20,0.0,0.0,0.0,0.0,0.0
2015-02-23,0.0,0.0,0.0,0.0,0.0
2015-02-24,0.0,0.0,0.0,0.0,0.0
2015-02-25,0.0,0.0,0.0,0.0,0.0
2015-02-26,0.0,0.0,0.0,0.0,0.0
2015-02-27,0.0,0.0,0.0,0.0,0.0
2015-03-02,0.0,0.0,0.0,0.0,0.0
2015-03-03,0.0,0.0,0.0,0.0,0.0
2015-03-04,0.0,0.0,0.0,0.0,0.0
2015-03-05,0.0,0.0,0.0,0.0,0.0
2015-03-09,0.0,0.0,0.0,0.0,0.0
2015-03-10,0.0,0.0,0.0,0.0,0.0
2015-03-11,0.0,0.0,0.0,0.0,0.0
2015-03-12,0.0,0.0,0.0,0.0,0.0
2015-03-13,0.0,0.0,0.0,0.0,0.0
2015-03-16,0.0,0.0,0.0,0.0,0.0
2015-03-17,0.0,0.0,0.0,0.0,0.0
2015-03-18,0.0,0.0,0.0,0.0,0.0
2015-03-19,0.0,0.0,0.0,0.0,0.0
2015-03-20,0.0,0.0,0.0,0.0,0.0
2015-03-23,0.0,0.0,0.0,0.0,0.0
2015-03-24,0.0,0.0,0.0,0.0,0.0
2015-03-25,0.0,0.0,0.0,0.0,0.0
2015-03-26,0.0,0.0,0.0,0.0,0.0
2015-03-27,0.0,0.0,0.0,0.0,0.0
2015-03-30,0.0,0.0,0.0,0.0,0.0
2015-03-31,0.0,0.0,0.0,0.0,0.0
2015-04-01,0.0,0.0,0.0,0.0,0.0
2015-04-06,0.0,0.0,0.0,0.0,0.0
2015-04-07,0.0,0.0,0.0,0.0,0.0
2015-04-08,0.0,0.0,0.0,0.0,0.0
2015-04-09,0.0,0.0,0.0,0.0,0.0
2015-04-10,0.0,0.0,0.0,0.0,0.0
2015-04-13,0.0,0.0,0.0,0.0,0.0
2015-04-15,0.0,0.0,0.0,0.0,0.0
2015-04-16,0.0,0.0,0.0,0.0,0.0
2015-04-17,0.0,0.0,0.0,0.0,0.0
2015-04-20,0.0,0.0,0.0,0.0,0.0
2015-04-21,0.0,0.0,0.0,0.0,0.0
2015-04-22,0.0,0.0,0.0,0.0,0.0
2015-04-23,0.0,0.0,0.0,0.0,0.0
2015-04-24,0.0,0.0,0.0,0.0,0.0
2015-04-27,0.0,0.0,0.0,0.0,0.0
2015-04-28,0.0,0.0,0.0,0.0,0.0
2015-04-29,0.0,0.0,0.0,0.0,0.0
2015-04-30,0.0,0.0,0.0,0.0,0.0
2015-05-04,0.0,0.0,0.0,0.0,0.0
2015-05-05,0.0,0.0,0.0,0.0,0.0
2015-05-06,0.0,0.0,0.0,0.0,0.0
2015-05-07,0.0,0.0,0.0,0.0,0.0
2015-05-08,0.0,0.0,0.0,0.0,0.0
2015-05-11,0.0,0.0,0.0,0.0,0.0
2015-05-12,0.0,0.0,0.0,0.0,0.0
2015-05-13,0.0,0.0,0.0,0.0,0.0
2015-05-14,0.0,0.0,0.0,0.0,0.0
2015-05-15,0.0,0.0,0.0,0.0,0.0
2015-05-18,0.0,0.0,0.0,0.0,0.0
2015-05-19,0.0,0.0,0.0,0.0,0.0
2015-05-20,0.0,0.0,0.0,0.0,0.0
2015-05-21,0.0,0.0,0.0,0.0,0.0
2015-05-22,0.0,0.0,0.0,0.0,0.0
2015-05-25,0.0,0.0,0.0,0.0,0.0
2015-05-26,0.0,0.0,0.0,0.0,0.0
2015-05-27,0.0,0.0,0.0,0.0,0.0
2015-05-28,0.0,0.0,0.0,0.0,0.0
2015-05-29,0.0,0.0,0.0,0.0,0.0
2015-06-01,0.0,0.0,0.0,0.0,0.0
2015-06-02,0.0,0.0,0.0,0.0,0.0
2015-06-03,0.0,0.0,0.0,0.0,0.0
2015-06-04,0.0,0.0,0.0,0.0,0.0
2015-06-05,0.0,0.0,0.0,0.0,0.0
2015-06-08,0.0,0.0,0.0,0.0,0.0
2015-06-09,0.0,0.0,0.0,0.0,0.0
2015-06-10,0.0,0.0,0.0,0.0,0.0
2015-06-11,0.0,0.0,0.0,0.0,0.0
2015-06-12,0.0,0.0,0.0,0.0,0.0
2015-06-15,0.0,0.0,0.0,0.0,0.0
2015-06-16,0.0,0.0,0.0,0.0,0.0
2015-06-17,0.0,0.0,0.0,0.0,0.0
2015-06-18,0.0,0.0,0.0,0.0,0.0
2015-06-19,0.0,0.0,0.0,0.0,0.0
2015-06-22,0.0,0.0,0.0,0.0,0.0
2015-06-23,0.0,0.0,0.0,0.0,0.0
2015-06-24,0.0,0.0,0.0,0.0,0.0
2015-06-25,0.0,0.0,0.0,0.0,0.0
2015-06-26,0.0,0.0,0.0,0.0,0.0
2015-06-29,0.0,0.0,0.0,0.0,0.0
2015-06-30,0.0,0.0,0.0,0.0,0.0
2015-07-01,0.0,0.0,0.0,0.0,0.0
2015-07-02,0.0,0.0,0.0,0.0,0.0
2015-07-03,0.0,0.0,0.0,0.0,0.0
2015-07-06,0.0,0.0,0.0,0.0,0.0
2015-07-07,0.0,0.0,0.0,0.0,0.0
2015-07-08,0.0,0.0,0.0,0.0,0.0
2015-07-09,0.0,0.0,0.0,0.0,0.0
2015-07-10,0.0,0.0,0.0,0.0,0.0
2015-07-13,0.0,0.0,0.0,0.0,0.0
2015-07-14,0.0,0.0,0.0,0.0,0.0
2015-07-15,0.0,0.0,0.0,0.0,0.0
2015-07-16,0.0,0.0,0.0,0.0,0.0
2015-07-17,0.0,0.0,0.0,0.0,0.0
2015-07-20,0.0,0.0,0.0,0.0,0.0
2015-07-21,0.0,0.0,0.0,0.0,0.0
2015-07-22,0.0,0.0,0.0,0.0,0.0
2015-07-23,0.0,0.0,0.0,0.0,0.0
2015-07-24,0.0,0.0,0.0,0.0,0.0
2015-07-27,0.0,0.0,0.0,0.0,0.0
2015-07-28,0.0,0.0,0.0,0.0,0.0
2015-07-29,0.0,0.0,0.0,0.0,0.0
2015-07-30,0.0,0.0,0.0,0.0,0.0
2015-07-31,0.0,0.0,0.0,0.0,0.0
2015-08-03,0.0,0.0,0.0,0.0,0.0
2015-08-04,0.0,0.0,0.0,0.0,0.0
2015-08-05,0.0,0.0,0.0,0.0,0.0
2015-08-06,0.0,0.0,0.0,0.0,0.0
2015-08-07,0.0,0.0,0.0,0.0,0.0
2015-08-10,0.0,0.0,0.0,0.0,0.0
2015-08-11,0.0,0.0,0.0,0.0,0.0
2015-08-12,0.0,0.0,0.0,0.0,0.0
2015-08-13,0.0,0.0,0.0,0.0,0.0
2015-08-14,0.0,0.0,0.0,0.0,0.0
2015-08-17,0.0,0.0,0.0,0.0,0.0
2015-08-18,0.0,0.0,0.0,0.0,0.0
2015-08-19,0.0,0.0,0.0,0.0,0.0
2015-08-20,0.0,0.0,0.0,0.0,0.0
2015-08-21,0.0,0.0,0.0,0.0,0.0
2015-08-24,0.0,0.0,0.0,0.0,0.0
2015-08-25,0.0,0.0,0.0,0.0,0.0
2015-08-26,0.0,0.0,0.0,0.0,0.0
2015-08-27,0.0,0.0,0.0,0.0,0.0
2015-08-28,0.0,0.0,0.0,0.0,0.0
2015-08-31,0.0,0.0,0.0,0.0,0.0
2015-09-01,0.0,0.0,0.0,0.0,0.0
2015-09-02,0.0,0.0,0.0,0.0,0.0
2015-09-03,0.0,0.0,0.0,0.0,0.0
2015-09-04,0.0,0.0,0.0,0.0,0.0
2015-09-07,0.0,0.0,0.0,0.0,0.0
2015-09-08,0.0,0.0,0.0,0.0,0.0
2015-09-09,0.0,0.0,0.0,0.0,0.0
2015-09-10,0.0,0.0,0.0,0.0,0.0
2015-09-11,0.0,0.0,0.0,0.0,0.0
2015-09-14,0.0,0.0,0.0,0.0,0.0
2015-09-15,0.0,0.0,0.0,0.0,0.0
2015-09-16,0.0,0.0,0.0,0.0,0.0
2015-09-18,0.0,0.0,0.0,0.0,0.0
2015-09-21,0.0,0.0,0.0,0.0,0.0
2015-09-22,0.0,0.0,0.0,0.0,0.0
2015-09-23,0.0,0.0,0.0,0.0,0.0
2015-09-24,0.0,0.0,0.0,0.0,0.0
2015-09-28,0.0,0.0,0.0,0.0,0.0
2015-09-29,0.0,0.0,0.0,0.0,0.0
2015-09-30,0.0,0.0,0.0,0.0,0.0
2015-10-01,0.0,0.0,0.0,0.0,0.0
2015-10-05,0.0,0.0,0.0,0.0,0.0
2015-10-06,0.0,0.0,0.0,0.0,0.0
2015-10-07,0.0,0.0,0.0,0.0,0.0
2015-10-08,0.0,0.0,0.0,0.0,0.0
2015-10-09,0.0,0.0,0.0,0.0,0.0
2015-10-12,0.0,0.0,0.0,0.0,0.0
2015-10-13,0.0,0.0,0.0,0.0,0.0
2015-10-14,0.0,0.0,0.0,0.0,0.0
2015-10-15,0.0,0.0,0.0,0.0,0.0
2015-10-16,0.0,0.0,0.0,0.0,0.0
2015-10-19,0.0,0.0,0.0,0.0,0.0
2015-10-20,0.0,0.0,0.0,0.0,0.0
2015-10-21,0.0,0.0,0.0,0.0,0.0
2015-10-23,0.0,0.0,0.0,0.0,0.0
2015-10-26,0.0,0.0,0.0,0.0,0.0
2015-10-27,0.0,0.0,0.0,0.0,0.0
2015-10-28,0.0,0.0,0.0,0.0,0.0
2015-10-29,0.0,0.0,0.0,0.0,0.0
2015-10-30,0.0,0.0,0.0,0.0,0.0
2015-11-02,0.0,0.0,0.0,0.0,0.0
2015-11-03,0.0,0.0,0.0,0.0,0.0
2015-11-04,0.0,0.0,0.0,0.0,0.0
2015-11-05,0.0,0.0,0.0,0.0,0.0
2015-11-06,0.0,0.0,0.0,0.0,0.0
2015-11-09,0.0,0.0,0.0,0.0,0.0
2015-11-10,0.0,0.0,0.0,0.0,0.0
2015-11-11,0.0,0.0,0.0,0.0,0.0
2015-11-13,0.0,0.0,0.0,0.0,0.0
2015-11-16,0.0,0.0,0.0,0.0,0.0
2015-11-17,0.0,0.0,0.0,0.0,0.0
2015-11-18,0.0,0.0,0.0,0.0,0.0
2015-11-19,0.0,0.0,0.0,0.0,0.0
2015-11-20,0.0,0.0,0.0,0.0,0.0
2015-11-23,0.0,0.0,0.0,0.0,0.0
2015-11-24,0.0,0.0,0.0,0.0,0.0
2015-11-26,0.0,0.0,0.0,0.0,0.0
2015-11-27,0.0,0.0,0.0,0.0,0.0
2015-11-30,0.0,0.0,0.0,0.0,0.0
2015-12-01,0.0,0.0,0.0,0.0,0.0
2015-12-02,0.0,0.0,0.0,0.0,0.0
2015-12-03,0.0,0.0,0.0,0.0,0.0
2015-12-04,0.0,0.0,0.0,0.0,0.0
2015-12-07,0.0,0.0,0.0,0.0,0.0
2015-12-08,0.0,0.0,0.0,0.0,0.0
2015-12-09,0.0,0.0,0.0,0.0,0.0
2015-12-10,0.0,0.0,0.0,0.0,0.0
2015-12-11,0.0,0.0,0.0,0.0,0.0
2015-12-14,0.0,0.0,0.0,0.0,0.0
2015-12-15,0.0,0.0,0.0,0.0,0.0
2015-12-16,0.0,0.0,0.0,0.0,0.0
2015-12-17,0.0,0.0,0.0,0.0,0.0
2015-12-18,0.0,0.0,0.0,0.0,0.0
2015-12-21,0.0,0.0,0.0,0.0,0.0
2015-12-22,0.0,0.0,0.0,0.0,0.0
2015-12-23,0.0,0.0,0.0,0.0,0.0
2015-12-24,0.0,0.0,0.0,0.0,0.0
2015-12-28,0.0,0.0,0.0,0.0,0.0
2015-12-29,0.0,0.0,0.0,0.0,0.0
2015-12-30,0.0,0.0,0.0,0.0,0.0
2015-12-31,0.0,0.0,0.0,0.0,0.0
2016-01-01,0.0,0.0,0.0,0.0,0.0
2016-01-04,0.0,0.0,0.0,0.0,0.0
2016-01-05,0.0,0.0,0.0,0.0,0.0
2016-01-06,0.0,0.0,0.0,0.0,0.0
2016-01-07,0.0,0.0,0.0,0.0,0.0
2016-01-08,0.0,0.0,0.0,0.0,0.0
2016-01-11,0.0,0.0,0.0,0.0,0.0
2016-01-12,0.0,0.0,0.0,0.0,0.0
2016-01-13,0.0,0.0,0.0,0.0,0.0
2016-01-14,0.0,0.0,0.0,0.0,0.0
2016-01-15,0.0,0.0,0.0,0.0,0.0
2016-01-18,0.0,0.0,0.0,0.0,0.0
2016-01-19,0.0,0.0,0.0,0.0,0.0
2016-01-20,0.0,0.0,0.0,0.0,0.0
2016-01-21,0.0,0.0,0.0,0.0,0.0
2016-01-22,0.0,0.0,0.0,0.0,0.0
2016-01-25,0.0,0.0,0.0,0.0,0.0
2016-01-27,0.0,0.0,0.0,0.0,0.0
2016-01-28,0.0,0.0,0.0,0.0,0.0
2016-01-29,0.0,0.0,0.0,0.0,0.0
2016-02-01,0.0,0.0,0.0,0.0,0.0
2016-02-02,0.0,0.0,0.0,0.0,0.0
2016-02-03,0.0,0.0,0.0,0.0,0.0
2016-02-04,0.0,0.0,0.0,0.0,0.0
2016-02-05,0.0,0.0,0.0,0.0,0.0
2016-02-08,0.0,0.0,0.0,0.0,0.0
2016-02-09,0.0,0.0,0.0,0.0,0.0
2016-02-10,0.0,0.0,0.0,0.0,0.0
2016-02-11,0.0,0.0,0.0,0.0,0.0
2016-02-12,0.0,0.0,0.0,0.0,0.0
2016-02-15,0.0,0.0,0.0,0.0,0.0
2016-02-16,0.0,0.0,0.0,0.0,0.0
2016-02-17,0.0,0.0,0.0,0.0,0.0
2016-02-18,0.0,0.0,0.0,0.0,0.0
2016-02-19,0.0,0.0,0.0,0.0,0.0
2016-02-22,0.0,0.0,0.0,0.0,0.0
2016-02-23,0.0,0.0,0.0,0.0,0.0
2016-02-24,0.0,0.0,0.0,0.0,0.0
2016-02-25,0.0,0.0,0.0,0.0,0.0
2016-02-26,0.0,0.0,0.0,0.0,0.0
2016-02-29,0.0,0.0,0.0,0.0,0.0
2016-03-01,0.0,0.0,0.0,0.0,0.0
2016-03-02,0.0,0.0,0.0,0.0,0.0
2016-03-03,0.0,0.0,0.0,0.0,0.0
2016-03-04,0.0,0.0,0.0,0.0,0.0
2016-03-08,0.0,0.0,0.0,0.0,0.0
2016-03-09,0.0,0.0,0.0,0.0,0.0
2016-03-10,0.0,0.0,0.0,0.0,0.0
2016-03-11,0.0,0.0,0.0,0.0,0.0
2016-03-14,0.0,0.0,0.0,0.0,0.0
2016-03-15,0.0,0.0,0.0,0.0,0.0
2016-03-16,0.0,0.0,0.0,0.0,0.0
2016-03-17,0.0,0.0,0.0,0.0,0.0
2016-03-18,0.0,0.0,0.0,0.0,0.0
2016-03-21,0.0,0.0,0.0,0.0,0.0
2016-03-22,0.0,0.0,0.0,0.0,0.0
2016-03-23,0.0,0.0,0.0,0.0,0.0
2016-03-28,0.0,0.0,0.0,0.0,0.0
2016-03-29,0.0,0.0,0.0,0.0,0.0
2016-03-30,0.0,0.0,0.0,0.0,0.0
2016-03-31,0.0,0.0,0.0,0.0,0.0
2016-04-01,0.0,0.0,0.0,0.0,0.0
2016-04-04,0.0,0.0,0.0,0.0,0.0
2016-04-05,0.0,0.0,0.0,0.0,0.0
2016-04-06,0.0,0.0,0.0,0.0,0.0
2016-04-07,0.0,0.0,0.0,0.0,0.0
2016-04-08,0.0,0.0,0.0,0.0,0.0
2016-04-11,0.0,0.0,0.0,0.0,0.0
2016-04-12,0.0,0.0,0.0,0.0,0.0
2016-04-13,0.0,0.0,0.0,0.0,0.0
2016-04-18,0.0,0.0,0.0,0.0,0.0
2016-04-20,0.0,0.0,0.0,0.0,0.0
2016-04-21,0.0,0.0,0.0,0.0,0.0
2016-04-22,0.0,0.0,0.0,0.0,0.0
2016-04-25,0.0,0.0,0.0,0.0,0.0
2016-04-26,0.0,0.0,0.0,0.0,0.0
2016-04-27,0.0,0.0,0.0,0.0,0.0
2016-04-28,0.0,0.0,0.0,0.0,0.0
2016-04-29,0.0,0.0,0.0,0.0,0.0
2016-05-02,0.0,0.0,0.0,0.0,0.0
2016-05-03,0.0,0.0,0.0,0.0,0.0
2016-05-04,0.0,0.0,0.0,0.0,0.0
2016-05-05,0.0,0.0,0.0,0.0,0.0
2016-05-06,0.0,0.0,0.0,0.0,0.0
2016-05-09,0.0,0.0,0.0,0.0,0.0
2016-05-10,0.0,0.0,0.0,0.0,0.0
2016-05-11,0.0,0.0,0.0,0.0,0.0
2016-05-12,0.0,0.0,0.0,0.0,0.0
2016-05-13,0.0,0.0,0.0,0.0,0.0
2016-05-16,0.0,0.0,0.0,0.0,0.0
2016-05-17,0.0,0.0,0.0,0.0,0.0
2016-05-18,0.0,0.0,0.0,0.0,0.0
2016-05-19,0.0,0.0,0.0,0.0,0.0
2016-05-20,0.0,0.0,0.0,0.0,0.0
2016-05-23,0.0,0.0,0.0,0.0,0.0
2016-05-24,0.0,0.0,0.0,0.0,0.0
2016-05-25,0.0,0.0,0.0,0.0,0.0
2016-05-26,0.0,0.0,0.0,0.0,0.0
2016-05-27,0.0,0.0,0.0,0.0,0.0
2016-05-30,0.0,0.0,0.0,0.0,0.0
2016-05-31,0.0,0.0,0.0,0.0,0.0
2016-06-01,0.0,0.0,0.0,0.0,0.0
2016-06-02,0.0,0.0,0.0,0.0,0.0
2016-06-03,0.0,0.0,0.0,0.0,0.0
2016-06-06,0.0,0.0,0.0,0.0,0.0
2016-06-07,0.0,0.0,0.0,0.0,0.0
2016-06-08,0.0,0.0,0.0,0.0,0.0
2016-06-09,0.0,0.0,0.0,0.0,0.0
2016-06-10,0.0,0.0,0.0,0.0,0.0
2016-06-13,0.0,0.0,0.0,0.0,0.0
2016-06-14,0.0,0.0,0.0,0.0,0.0
2016-06-15,0.0,0.0,0.0,0.0,0.0
2016-06-16,0.0,0.0,0.0,0.0,0.0
2016-06-17,0.0,0.0,0.0,0.0,0.0
2016-06-20,0.0,0.0,0.0,0.0,0.0
2016-06-21,0.0,0.0,0.0,0.0,0.0
2016-06-22,0.0,0.0,0.0,0.0,0.0
2016-06-23,0.0,0.0,0.0,0.0,0.0
2016-06-24,0.0,0.0,0.0,0.0,0.0
2016-06-27,0.0,0.0,0.0,0.0,0.0
2016-06-28,0.0,0.0,0.0,0.0,0.0
2016-06-29,0.0,0.0,0.0,0.0,0.0
2016-06-30,0.0,0.0,0.0,0.0,0.0
2016-07-01,0.0,0.0,0.0,0.0,0.0
2016-07-04,0.0,0.0,0.0,0.0,0.0
2016-07-05,0.0,0.0,0.0,0.0,0.0
2016-07-07,0.0,0.0,0.0,0.0,0.0
2016-07-08,0.0,0.0,0.0,0.0,0.0
2016-07-11,0.0,0.0,0.0,0.0,0.0
2016-07-12,0.0,0.0,0.0,0.0,0.0
2016-07-13,0.0,0.0,0.0,0.0,0.0
2016-07-14,0.0,0.0,0.0,0.0,0.0
2016-07-15,0.0,0.0,0.0,0.0,0.0
2016-07-18,0.0,0.0,0.0,0.0,0.0
2016-07-19,0.0,0.0,0.0,0.0,0.0
2016-07-20,0.0,0.0,0.0,0.0,0.0
2016-07-21,0.0,0.0,0.0,0.0,0.0
2016-07-22,0.0,0.0,0.0,0.0,0.0
2016-07-25,0.0,0.0,0.0,0.0,0.0
2016-07-26,0.0,0.0,0.0,0.0,0.0
2016-07-27,0.0,0.0,0.0,0.0,0.0
2016-07-28,0.0,0.0,0.0,0.0,0.0
2016-07-29,0.0,0.0,0.0,0.0,0.0
2016-08-01,0.0,0.0,0.0,0.0,0.0
2016-08-02,0.0,0.0,0.0,0.0,0.0
2016-08-03,0.0,0.0,0.0,0.0,0.0
2016-08-04,0.0,0.0,0.0,0.0,0.0
2016-08-05,0.0,0.0,0.0,0.0,0.0
2016-08-08,0.0,0.0,0.0,0.0,0.0
2016-08-09,0.0,0.0,0.0,0.0,0.0
2016-08-10,0.0,0.0,0.0,0.0,0.0
2016-08-11,0.0,0.0,0.0,0.0,0.0
2016-08-12,0.0,0.0,0.0,0.0,0.0
2016-08-16,0.0,0.0,0.0,0.0,0.0
2016-08-17,0.0,0.0,0.0,0.0,0.0
2016-08-18,0.0,0.0,0.0,0.0,0.0
2016-08-19,0.0,0.0,0.0,0.0,0.0
2016-08-22,0.0,0.0,0.0,0.0,0.0
2016-08-23,0.0,0.0,0.0,0.0,0.0
2016-08-24,0.0,0.0,0.0,0.0,0.0
2016-08-25,0.0,0.0,0.0,0.0,0.0
2016-08-26,0.0,0.0,0.0,0.0,0.0
2016-08-29,0.0,0.0,0.0,0.0,0.0
2016-08-30,0.0,0.0,0.0,0.0,0.0
2016-08-31,0.0,0.0,0.0,0.0,0.0
2016-09-01,0.0,0.0,0.0,0.0,0.0
2016-09-02,0.0,0.0,0.0,0.0,0.0
2016-09-06,0.0,0.0,0.0,0.0,0.0
2016-09-07,0.0,0.0,0.0,0.0,0.0
2016-09-08,0.0,0.0,0.0,0.0,0.0
2016-09-09,0.0,0.0,0.0,0.0,0.0
2016-09-12,0.0,0.0,0.0,0.0,0.0
2016-09-14,0.0,0.0,0.0,0.0,0.0
2016-09-15,0.0,0.0,0.0,0.0,0.0
2016-09-16,0.0,0.0,0.0,0.0,0.0
2016-09-19,0.0,0.0,0.0,0.0,0.0
2016-09-20,0.0,0.0,0.0,0.0,0.0
2016-09-21,0.0,0.0,0.0,0.0,0.0
2016-09-22,0.0,0.0,0.0,0.0,0.0
2016-09-23,0.0,0.0,0.0,0.0,0.0
2016-09-26,0.0,0.0,0.0,0.0,0.0
2016-09-27,0.0,0.0,0.0,0.0,0.0
2016-09-28,0.0,0.0,0.0,0.0,0.0
2016-09-29,0.0,0.0,0.0,0.0,0.0
2016-09-30,0.0,0.0,0.0,0.0,0.0
2016-10-03,0.0,0.0,0.0,0.0,0.0
2016-10-04,0.0,0.0,0.0,0.0,0.0
2016-10-05,0.0,0.0,0.0,0.0,0.0
2016-10-06,0.0,0.0,0.0,0.0,0.0
2016-10-07,0.0,0.0,0.0,0.0,0.0
2016-10-10,0.0,0.0,0.0,0.0,0.0
2016-10-13,0.0,0.0,0.0,0.0,0.0
2016-10-14,0.0,0.0,0.0,0.0,0.0
2016-10-17,0.0,0.0,0.0,0.0,0.0
2016-10-18,0.0,0.0,0.0,0.0,0.0
2016-10-19,0.0,0.0,0.0,0.0,0.0
2016-10-20,0.0,0.0,0.0,0.0,0.0
2016-10-21,0.0,0.0,0.0,0.0,0.0
2016-10-24,0.0,0.0,0.0,0.0,0.0
2016-10-25,0.0,0.0,0.0,0.0,0.0
2016-10-26,0.0,0.0,0.0,0.0,0.0
2016-10-27,0.0,0.0,0.0,0.0,0.0
2016-10-28,0.0,0.0,0.0,0.0,0.0
2016-11-01,0.0,0.0,0.0,0.0,0.0
2016-11-02,0.0,0.0,0.0,0.0,0.0
2016-11-03,0.0,0.0,0.0,0.0,0.0
2016-11-04,0.0,0.0,0.0,0.0,0.0
2016-11-07,0.0,0.0,0.0,0.0,0.0
2016-11-08,0.0,0.0,0.0,0.0,0.0
2016-11-09,0.0,0.0,0.0,0.0,0.0
2016-11-10,0.0,0.0,0.0,0.0,0.0
2016-11-11,0.0,0.0,0.0,0.0,0.0
2016-11-15,0.0,0.0,0.0,0.0,0.0
2016-11-16,0.0,0.0,0.0,0.0,0.0
2016-11-17,0.0,0.0,0.0,0.0,0.0
2016-11-18,0.0,0.0,0.0,0.0,0.0
2016-11-21,0.0,0.0,0.0,0.0,0.0
2016-11-22,0.0,0.0,0.0,0.0,0.0
2016-11-23,0.0,0.0,0.0,0.0,0.0
2016-11-24,0.0,0.0,0.0,0.0,0.0
2016-11-25,0.0,0.0,0.0,0.0,0.0
2016-11-28,0.0,0.0,0.0,0.0,0.0
2016-11-29,0.0,0.0,0.0,0.0,0.0
2016-11-30,0.0,0.0,0.0,0.0,0.0
2016-12-01,0.0,0.0,0.0,0.0,0.0
2016-12-02,0.0,0.0,0.0,0.0,0.0
2016-12-05,0.0,0.0,0.0,0.0,0.0
2016-12-06,0.0,0.0,0.0,0.0,0.0
2016-12-07,0.0,0.0,0.0,0.0,0.0
2016-12-08,0.0,0.0,0.0,0.0,0.0
2016-12-09,0.0,0.0,0.0,0.0,0.0
2016-12-12,0.0,0.0,0.0,0.0,0.0
2016-12-13,0.0,0.0,0.0,0.0,0.0
2016-12-14,0.0,0.0,0.0,0.0,0.0
2016-12-15,0.0,0.0,0.0,0.0,0.0
2016-12-16,0.0,0.0,0.0,0.0,0.0
2016-12-19,0.0,0.0,0.0,0.0,0.0
2016-12-20,0.0,0.0,0.0,0.0,0.0
2016-12-21,0.0,0.0,0.0,0.0,0.0
2016-12-22,0.0,0.0,0.0,0.0,0.0
2016-12-23,0.0,0.0,0.0,0.0,0.0
2016-12-26,0.0,0.0,0.0,0.0,0.0
2016-12-27,0.0,0.0,0.0,0.0,0.0
2016-12-28,0.0,0.0,0.0,0.0,0.0
2016-12-29,0.0,0.0,0.0,0.0,0.0
2016-12-30,0.0,0.0,0.0,0.0,0.0
2017-01-02,0.0,0.0,0.0,0.0,0.0
2017-01-03,0.0,0.0,0.0,0.0,0.0
2017-01-04,0.0,0.0,0.0,0.0,0.0
2017-01-05,0.0,0.0,0.0,0.0,0.0
2017-01-06,0.0,0.0,0.0,0.0,0.0
2017-01-09,0.0,0.0,0.0,0.0,0.0
2017-01-10,0.0,0.0,0.0,0.0,0.0
2017-01-11,0.0,0.0,0.0,0.0,0.0
2017-01-12,0.0,0.0,0.0,0.0,0.0
2017-01-13,0.0,0.0,0.0,0.0,0.0
2017-01-16,0.0,0.0,0.0,0.0,0.0
2017-01-17,0.0,0.0,0.0,0.0,0.0
2017-01-18,0.0,0.0,0.0,0.0,0.0
2017-01-19,0.0,0.0,0.0,0.0,0.0
2017-01-20,0.0,0.0,0.0,0.0,0.0
2017-01-23,0.0,0.0,0.0,0.0,0.0
2017-01-24,0.0,0.0,0.0,0.0,0.0
2017-01-25,0.0,0.0,0.0,0.0,0.0
2017-01-27,0.0,0.0,0.0,0.0,0.0
2017-01-30,0.0,0.0,0.0,0.0,0.0
2017-01-31,0.0,0.0,0.0,0.0,0.0
2017-02-01,0.0,0.0,0.0,0.0,0.0
2017-02-02,0.0,0.0,0.0,0.0,0.0
2017-02-03,0.0,0.0,0.0,0.0,0.0
2017-02-06,0.0,0.0,0.0,0.0,0.0
2017-02-07,0.0,0.0,0.0,0.0,0.0
2017-02-08,0.0,0.0,0.0,0.0,0.0
2017-02-09,0.0,0.0,0.0,0.0,0.0
2017-02-10,0.0,0.0,0.0,0.0,0.0
2017-02-13,0.0,0.0,0.0,0.0,0.0
2017-02-14,0.0,0.0,0.0,0.0,0.0
2017-02-15,0.0,0.0,0.0,0.0,0.0
2017-02-16,0.0,0.0,0.0,0.0,0.0
2017-02-17,0.0,0.0,0.0,0.0,0.0
2017-02-20,0.0,0.0,0.0,0.0,0.0
2017-02-21,0.0,0.0,0.0,0.0,0.0
2017-02-22,0.0,0.0,0.0,0.0,0.0
2017-02-23,0.0,0.0,0.0,0.0,0.0
2017-02-27,0.0,0.0,0.0,0.0,0.0
2017-02-28,0.0,0.0,0.0,0.0,0.0
2017-03-01,0.0,0.0,0.0,0.0,0.0
2017-03-02,0.0,0.0,0.0,0.0,0.0
2017-03-03,0.0,0.0,0.0,0.0,0.0
2017-03-06,0.0,0.0,0.0,0.0,0.0
2017-03-07,0.0,0.0,0.0,0.0,0.0
2017-03-08,0.0,0.0,0.0,0.0,0.0
2017-03-09,0.0,0.0,0.0,0.0,0.0
2017-03-10,0.0,0.0,0.0,0.0,0.0
2017-03-14,0.0,0.0,0.0,0.0,0.0
2017-03-15,0.0,0.0,0.0,0.0,0.0
2017-03-16,0.0,0.0,0.0,0.0,0.0
2017-03-17,0.0,0.0,0.0,0.0,0.0
2017-03-20,0.0,0.0,0.0,0.0,0.0
2017-03-21,0.0,0.0,0.0,0.0,0.0
2017-03-22,0.0,0.0,0.0,0.0,0.0
2017-03-23,0.0,0.0,0.0,0.0,0.0
2017-03-24,0.0,0.0,0.0,0.0,0.0
2017-03-27,0.0,0.0,0.0,0.0,0.0
2017-03-28,0.0,0.0,0.0,0.0,0.0
2017-03-29,0.0,0.0,0.0,0.0,0.0
2017-03-30,0.0,0.0,0.0,0.0,0.0
2017-03-31,0.0,0.0,0.0,0.0,0.0
2017-04-03,0.0,0.0,0.0,0.0,0.0
2017-04-05,0.0,0.0,0.0,0.0,0.0
2017-04-06,0.0,0.0,0.0,0.0,0.0
2017-04-07,0.0,0.0,0.0,0.0,0.0
2017-04-10,0.0,0.0,0.0,0.0,0.0
2017-04-11,0.0,0.0,0.0,0.0,0.0
2017-04-12,0.0,0.0,0.0,0.0,0.0
2017-04-13,0.0,0.0,0.0,0.0,0.0
2017-04-17,0.0,0.0,0.0,0.0,0.0
2017-04-18,0.0,0.0,0.0,0.0,0.0
2017-04-19,0.0,0.0,0.0,0.0,0.0
2017-04-20,0.0,0.0,0.0,0.0,0.0
2017-04-21,0.0,0.0,0.0,0.0,0.0
2017-04-24,0.0,0.0,0.0,0.0,0.0
2017-04-25,0.0,0.0,0.0,0.0,0.0
2017-04-26,0.0,0.0,0.0,0.0,0.0
2017-04-27,0.0,0.0,0.0,0.0,0.0
2017-04-28,0.0,0.0,0.0,0.0,0.0
2017-05-02,0.0,0.0,0.0,0.0,0.0
2017-05-03,0.0,0.0,0.0,0.0,0.0
2017-05-04,0.0,0.0,0.0,0.0,0.0
2017-05-05,0.0,0.0,0.0,0.0,0.0
2017-05-08,0.0,0.0,0.0,0.0,0.0
2017-05-09,0.0,0.0,0.0,0.0,0.0
2017-05-10,0.0,0.0,0.0,0.0,0.0
2017-05-11,0.0,0.0,0.0,0.0,0.0
2017-05-12,0.0,0.0,0.0,0.0,0.0
2017-05-15,0.0,0.0,0.0,0.0,0.0
2017-05-16,0.0,0.0,0.0,0.0,0.0
2017-05-17,0.0,0.0,0.0,0.0,0.0
2017-05-18,0.0,0.0,0.0,0.0,0.0
2017-05-19,0.0,0.0,0.0,0.0,0.0
2017-05-22,0.0,0.0,0.0,0.0,0.0
2017-05-23,0.0,0.0,0.0,0.0,0.0
2017-05-24,0.0,0.0,0.0,0.0,0.0
2017-05-25,0.0,0.0,0.0,0.0,0.0
2017-05-26,0.0,0.0,0.0,0.0,0.0
2017-05-29,0.0,0.0,0.0,0.0,0.0
2017-05-30,0.0,0.0,0.0,0.0,0.0
2017-05-31,0.0,0.0,0.0,0.0,0.0
2017-06-01,0.0,0.0,0.0,0.0,0.0
2017-06-02,0.0,0.0,0.0,0.0,0.0
2017-06-05,0.0,0.0,0.0,0.0,0.0
2017-06-06,0.0,0.0,0.0,0.0,0.0
2017-06-07,0.0,0.0,0.0,0.0,0.0
2017-06-08,0.0,0.0,0.0,0.0,0.0
2017-06-09,0.0,0.0,0.0,0.0,0.0
2017-06-12,0.0,0.0,0.0,0.0,0.0
2017-06-13,0.0,0.0,0.0,0.0,0.0
2017-06-14,0.0,0.0,0.0,0.0,0.0
2017-06-15,0.0,0.0,0.0,0.0,0.0
2017-06-16,0.0,0.0,0.0,0.0,0.0
2017-06-19,0.0,0.0,0.0,0.0,0.0
2017-06-20,0.0,0.0,0.0,0.0,0.0
2017-06-21,0.0,0.0,0.0,0.0,0.0
2017-06-22,0.0,0.0,0.0,0.0,0.0
2017-06-23,0.0,0.0,0.0,0.0,0.0
2017-06-27,0.0,0.0,0.0,0.0,0.0
2017-06-28,0.0,0.0,0.0,0.0,0.0
2017-06-29,0.0,0.0,0.0,0.0,0.0
2017-06-30,0.0,0.0,0.0,0.0,0.0
2017-07-03,0.0,0.0,0.0,0.0,0.0
2017-07-04,0.0,0.0,0.0,0.0,0.0
2017-07-05,0.0,0.0,0.0,0.0,0.0
2017-07-06,0.0,0.0,0.0,0.0,0.0
2017-07-07,0.0,0.0,0.0,0.0,0.0
2017-07-10,0.0,0.0,0.0,0.0,0.0
2017-07-11,0.0,0.0,0.0,0.0,0.0
2017-07-12,0.0,0.0,0.0,0.0,0.0
2017-07-13,0.0,0.0,0.0,0.0,0.0
2017-07-14,0.0,0.0,0.0,0.0,0.0
2017-07-17,0.0,0.0,0.0,0.0,0.0
2017-07-18,0.0,0.0,0.0,0.0,0.0
2017-07-19,0.0,0.0,0.0,0.0,0.0
2017-07-20,0.0,0.0,0.0,0.0,0.0
2017-07-21,0.0,0.0,0.0,0.0,0.0
2017-07-24,0.0,0.0,0.0,0.0,0.0
2017-07-25,0.0,0.0,0.0,0.0,0.0
2017-07-26,0.0,0.0,0.0,0.0,0.0
2017-07-27,0.0,0.0,0.0,0.0,0.0
2017-07-28,0.0,0.0,0.0,0.0,0.0
2017-07-31,0.0,0.0,0.0,0.0,0.0
2017-08-01,0.0,0.0,0.0,0.0,0.0
2017-08-02,0.0,0.0,0.0,0.0,0.0
2017-08-03,0.0,0.0,0.0,0.0,0.0
2017-08-04,0.0,0.0,0.0,0.0,0.0
2017-08-07,0.0,0.0,0.0,0.0,0.0
2017-08-08,0.0,0.0,0.0,0.0,0.0
2017-08-09,0.0,0.0,0.0,0.0,0.0
2017-08-10,0.0,0.0,0.0,0.0,0.0
2017-08-11,0.0,0.0,0.0,0.0,0.0
2017-08-14,0.0,0.0,0.0,0.0,0.0
2017-08-16,0.0,0.0,0.0,0.0,0.0
2017-08-17,0.0,0.0,0.0,0.0,0.0
2017-08-18,0.0,0.0,0.0,0.0,0.0
2017-08-21,0.0,0.0,0.0,0.0,0.0
2017-08-22,0.0,0.0,0.0,0.0,0.0
2017-08-23,0.0,0.0,0.0,0.0,0.0
2017-08-24,0.0,0.0,0.0,0.0,0.0
2017-08-28,0.0,0.0,0.0,0.0,0.0
2017-08-29,0.0,0.0,0.0,0.0,0.0
2017-08-30,0.0,0.0,0.0,0.0,0.0
2017-08-31,0.0,0.0,0.0,0.0,0.0
2017-09-01,0.0,0.0,0.0,0.0,0.0
2017-09-04,0.0,0.0,0.0,0.0,0.0
2017-09-05,0.0,0.0,0.0,0.0,0.0
2017-09-06,0.0,0.0,0.0,0.0,0.0
2017-09-07,0.0,0.0,0.0,0.0,0.0
2017-09-08,0.0,0.0,0.0,0.0,0.0
2017-09-11,0.0,0.0,0.0,0.0,0.0
2017-09-12,0.0,0.0,0.0,0.0,0.0
2017-09-13,0.0,0.0,0.0,0.0,0.0
2017-09-14,0.0,0.0,0.0,0.0,0.0
2017-09-15,0.0,0.0,0.0,0.0,0.0
2017-09-18,0.0,0.0,0.0,0.0,0.0
2017-09-19,0.0,0.0,0.0,0.0,0.0
2017-09-20,0.0,0.0,0.0,0.0,0.0
2017-09-21,0.0,0.0,0.0,0.0,0.0
2017-09-22,0.0,0.0,0.0,0.0,0.0
2017-09-25,0.0,0.0,0.0,0.0,0.0
2017-09-26,0.0,0.0,0.0,0.0,0.0
2017-09-27,0.0,0.0,0.0,0.0,0.0
2017-09-28,0.0,0.0,0.0,0.0,0.0
2017-09-29,0.0,0.0,0.0,0.0,0.0
2017-10-03,0.0,0.0,0.0,0.0,0.0
2017-10-04,0.0,0.0,0.0,0.0,0.0
2017-10-05,0.0,0.0,0.0,0.0,0.0
2017-10-06,0.0,0.0,0.0,0.0,0.0
2017-10-09,0.0,0.0,0.0,0.0,0.0
2017-10-10,0.0,0.0,0.0,0.0,0.0
2017-10-11,0.0,0.0,0.0,0.0,0.0
2017-10-12,0.0,0.0,0.0,0.0,0.0
2017-10-13,0.0,0.0,0.0,0.0,0.0
2017-10-16,0.0,0.0,0.0,0.0,0.0
2017-10-17,0.0,0.0,0.0,0.0,0.0
2017-10-18,0.0,0.0,0.0,0.0,0.0
2017-10-19,0.0,0.0,0.0,0.0,0.0
2017-10-23,0.0,0.0,0.0,0.0,0.0
2017-10-24,0.0,0.0,0.0,0.0,0.0
2017-10-25,0.0,0.0,0.0,0.0,0.0
2017-10-26,0.0,0.0,0.0,0.0,0.0
2017-10-27,0.0,0.0,0.0,0.0,0.0
2017-10-30,0.0,0.0,0.0,0.0,0.0
2017-10-31,0.0,0.0,0.0,0.0,0.0
2017-11-01,0.0,0.0,0.0,0.0,0.0
2017-11-02,0.0,0.0,0.0,0.0,0.0
2017-11-03,0.0,0.0,0.0,0.0,0.0
2017-11-06,0.0,0.0,0.0,0.0,0.0
2017-11-07,0.0,0.0,0.0,0.0,0.0
2017-11-08,0.0,0.0,0.0,0.0,0.0
2017-11-09,0.0,0.0,0.0,0.0,0.0
2017-11-10,0.0,0.0,0.0,0.0,0.0
2017-11-13,0.0,0.0,0.0,0.0,0.0
2017-11-14,0.0,0.0,0.0,0.0,0.0
2017-11-15,0.0,0.0,0.0,0.0,0.0
2017-11-16,0.0,0.0,0.0,0.0,0.0
2017-11-17,0.0,0.0,0.0,0.0,0.0
2017-11-20,0.0,0.0,0.0,0.0,0.0
2017-11-21,0.0,0.0,0.0,0.0,0.0
2017-11-22,0.0,0.0,0.0,0.0,0.0
2017-11-23,0.0,0.0,0.0,0.0,0.0
2017-11-24,0.0,0.0,0.0,0.0,0.0
2017-11-27,0.0,0.0,0.0,0.0,0.0
2017-11-28,0.0,0.0,0.0,0.0,0.0
2017-11-29,0.0,0.0,0.0,0.0,0.0
2017-11-30,0.0,0.0,0.0,0.0,0.0
2017-12-01,0.0,0.0,0.0,0.0,0.0
2017-12-04,0.0,0.0,0.0,0.0,0.0
2017-12-05,0.0,0.0,0.0,0.0,0.0
2017-12-06,0.0,0.0,0.0,0.0,0.0
2017-12-07,0.0,0.0,0.0,0.0,0.0
2017-12-08,0.0,0.0,0.0,0.0,0.0
2017-12-11,0.0,0.0,0.0,0.0,0.0
2017-12-12,0.0,0.0,0.0,0.0,0.0
2017-12-13,0.0,0.0,0.0,0.0,0.0
2017-12-14,0.0,0.0,0.0,0.0,0.0
2017-12-15,0.0,0.0,0.0,0.0,0.0
2017-12-18,0.0,0.0,0.0,0.0,0.0
2017-12-19,0.0,0.0,0.0,0.0,0.0
2017-12-20,0.0,0.0,0.0,0.0,0.0
2017-12-21,0.0,0.0,0.0,0.0,0.0
2017-12-22,0.0,0.0,0.0,0.0,0.0
2017-12-26,0.0,0.0,0.0,0.0,0.0
2017-12-27,0.0,0.0,0.0,0.0,0.0
2017-12-28,0.0,0.0,0.0,0.0,0.0
2017-12-29,0.0,0.0,0.0,0.0,0.0
2018-01-01,0.0,0.0,0.0,0.0,0.0
2018-01-02,0.0,0.0,0.0,0.0,0.0
2018-01-03,0.0,0.0,0.0,0.0,0.0
2018-01-04,0.0,0.0,0.0,0.0,0.0
2018-01-05,0.0,0.0,0.0,0.0,0.0
2018-01-08,0.0,0.0,0.0,0.0,0.0
2018-01-09,0.0,0.0,0.0,0.0,0.0
2018-01-10,0.0,0.0,0.0,0.0,0.0
2018-01-11,0.0,0.0,0.0,0.0,0.0
2018-01-12,0.0,0.0,0.0,0.0,0.0
2018-01-15,0.0,0.0,0.0,0.0,0.0
2018-01-16,0.0,0.0,0.0,0.0,0.0
2018-01-17,0.0,0.0,0.0,0.0,0.0
2018-01-18,0.0,0.0,0.0,0.0,0.0
2018-01-19,0.0,0.0,0.0,0.0,0.0
2018-01-22,0.0,0.0,0.0,0.0,0.0
2018-01-23,0.0,0.0,0.0,0.0,0.0
2018-01-24,0.0,0.0,0.0,0.0,0.0
2018-01-25,0.0,0.0,0.0,0.0,0.0
2018-01-29,0.0,0.0,0.0,0.0,0.0
2018-01-30,0.0,0.0,0.0,0.0,0.0
2018-01-31,0.0,0.0,0.0,0.0,0.0
2018-02-01,0.0,0.0,0.0,0.0,0.0
2018-02-02,0.0,0.0,0.0,0.0,0.0
2018-02-05,0.0,0.0,0.0,0.0,0.0
2018-02-06,0.0,0.0,0.0,0.0,0.0
2018-02-07,0.0,0.0,0.0,0.0,0.0
2018-02-08,0.0,0.0,0.0,0.0,0.0
2018-02-09,0.0,0.0,0.0,0.0,0.0
2018-02-12,0.0,0.0,0.0,0.0,0.0
2018-02-14,0.0,0.0,0.0,0.0,0.0
2018-02-15,0.0,0.0,0.0,0.0,0.0
2018-02-16,0.0,0.0,0.0,0.0,0.0
2018-02-19,0.0,0.0,0.0,0.0,0.0
2018-02-20,0.0,0.0,0.0,0.0,0.0
2018-02-21,0.0,0.0,0.0,0.0,0.0
2018-02-22,0.0,0.0,0.0,0.0,0.0
2018-02-23,0.0,0.0,0.0,0.0,0.0
2018-02-26,0.0,0.0,0.0,0.0,0.0
2018-02-27,0.0,0.0,0.0,0.0,0.0
2018-02-28,0.0,0.0,0.0,0.0,0.0
2018-03-01,0.0,0.0,0.0,0.0,0.0
2018-03-05,0.0,0.0,0.0,0.0,0.0
2018-03-06,0.0,0.0,0.0,0.0,0.0
2018-03-07,0.0,0.0,0.0,0.0,0.0
2018-03-08,0.0,0.0,0.0,0.0,0.0
2018-03-09,0.0,0.0,0.0,0.0,0.0
2018-03-12,0.0,0.0,0.0,0.0,0.0
2018-03-13,0.0,0.0,0.0,0.0,0.0
2018-03-14,0.0,0.0,0.0,0.0,0.0
2018-03-15,0.0,0.0,0.0,0.0,0.0
2018-03-16,0.0,0.0,0.0,0.0,0.0
2018-03-19,0.0,0.0,0.0,0.0,0.0
2018-03-20,0.0,0.0,0.0,0.0,0.0
2018-03-21,0.0,0.0,0.0,0.0,0.0
2018-03-22,0.0,0.0,0.0,0.0,0.0
2018-03-23,0.0,0.0,0.0,0.0,0.0
2018-03-26,0.0,0.0,0.0,0.0,0.0
2018-03-27,0.0,0.0,0.0,0.0,0.0
2018-03-28,0.0,0.0,0.0,0.0,0.0
2018-04-02,0.0,0.0,0.0,0.0,0.0
2018-04-03,0.0,0.0,0.0,0.0,0.0
2018-04-04,0.0,0.0,0.0,0.0,0.0
2018-04-05,0.0,0.0,0.0,0.0,0.0
2018-04-06,0.0,0.0,0.0,0.0,0.0
2018-04-09,0.0,0.0,0.0,0.0,0.0
2018-04-10,0.0,0.0,0.0,0.0,0.0
2018-04-11,0.0,0.0,0.0,0.0,0.0
2018-04-12,0.0,0.0,0.0,0.0,0.0
2018-04-13,0.0,0.0,0.0,0.0,0.0
2018-04-16,0.0,0.0,0.0,0.0,0.0
2018-04-17,0.0,0.0,0.0,0.0,0.0
2018-04-18,0.0,0.0,0.0,0.0,0.0
2018-04-19,0.0,0.0,0.0,0.0,0.0
2018-04-20,0.0,0.0,0.0,0.0,0.0
2018-04-23,0.0,0.0,0.0,0.0,0.0
2018-04-24,0.0,0.0,0.0,0.0,0.0
2018-04-25,0.0,0.0,0.0,0.0,0.0
2018-04-26,0.0,0.0,0.0,0.0,0.0
2018-04-27,0.0,0.0,0.0,0.0,0.0
2018-04-30,0.0,0.0,0.0,0.0,0.0
2018-05-02,0.0,0.0,0.0,0.0,0.0
2018-05-03,0.0,0.0,0.0,0.0,0.0
2018-05-04,0.0,0.0,0.0,0.0,0.0
2018-05-07,0.0,0.0,0.0,0.0,0.0
2018-05-08,0.0,0.0,0.0,0.0,0.0
2018-05-09,0.0,0.0,0.0,0.0,0.0
2018-05-10,0.0,0.0,0.0,0.0,0.0
2018-05-11,0.0,0.0,0.0,0.0,0.0
2018-05-14,0.0,0.0,0.0,0.0,0.0
2018-05-15,0.0,0.0,0.0,0.0,0.0
2018-05-16,0.0,0.0,0.0,0.0,0.0
2018-05-17,0.0,0.0,0.0,0.0,0.0
2018-05-18,0.0,0.0,0.0,0.0,0.0
2018-05-21,0.0,0.0,0.0,0.0,0.0
2018-05-22,0.0,0.0,0.0,0.0,0.0
2018-05-23,0.0,0.0,0.0,0.0,0.0
2018-05-24,0.0,0.0,0.0,0.0,0.0
2018-05-25,0.0,0.0,0.0,0.0,0.0
2018-05-28,0.0,0.0,0.0,0.0,0.0
2018-05-29,0.0,0.0,0.0,0.0,0.0
2018-05-30,0.0,0.0,0.0,0.0,0.0
2018-05-31,0.0,0.0,0.0,0.0,0.0
2018-06-01,0.0,0.0,0.0,0.0,0.0
2018-06-04,0.0,0.0,0.0,0.0,0.0
2018-06-05,0.0,0.0,0.0,0.0,0.0
2018-06-06,0.0,0.0,0.0,0.0,0.0
2018-06-07,0.0,0.0,0.0,0.0,0.0
2018-06-08,0.0,0.0,0.0,0.0,0.0
2018-06-11,0.0,0.0,0.0,0.0,0.0
2018-06-12,0.0,0.0,0.0,0.0,0.0
2018-06-13,0.0,0.0,0.0,0.0,0.0
2018-06-14,0.0,0.0,0.0,0.0,0.0
2018-06-15,0.0,0.0,0.0,0.0,0.0
2018-06-18,0.0,0.0,0.0,0.0,0.0
2018-06-19,0.0,0.0,0.0,0.0,0.0
2018-06-20,0.0,0.0,0.0,0.0,0.0
2018-06-21,0.0,0.0,0.0,0.0,0.0
2018-06-22,0.0,0.0,0.0,0.0,0.0
2018-06-25,0.0,0.0,0.0,0.0,0.0
2018-06-26,0.0,0.0,0.0,0.0,0.0
2018-06-27,0.0,0.0,0.0,0.0,0.0
2018-06-28,0.0,0.0,0.0,0.0,0.0
2018-06-29,0.0,0.0,0.0,0.0,0.0
2018-07-02,0.0,0.0,0.0,0.0,0.0
2018-07-03,0.0,0.0,0.0,0.0,0.0
2018-07-04,0.0,0.0,0.0,0.0,0.0
2018-07-05,0.0,0.0,0.0,0.0,0.0
2018-07-06,0.0,0.0,0.0,0.0,0.0
2018-07-09,0.0,0.0,0.0,0.0,0.0
2018-07-10,0.0,0.0,0.0,0.0,0.0
2018-07-11,0.0,0.0,0.0,0.0,0.0
2018-07-12,0.0,0.0,0.0,0.0,0.0
2018-07-13,0.0,0.0,0.0,0.0,0.0
2018-07-16,0.0,0.0,0.0,0.0,0.0
2018-07-17,0.0,0.0,0.0,0.0,0.0
2018-07-18,0.0,0.0,0.0,0.0,0.0
2018-07-19,0.0,0.0,0.0,0.0,0.0
2018-07-20,0.0,0.0,0.0,0.0,0.0
2018-07-23,0.0,0.0,0.0,0.0,0.0
2018-07-24,0.0,0.0,0.0,0.0,0.0
2018-07-25,0.0,0.0,0.0,0.0,0.0
2018-07-26,0.0,0.0,0.0,0.0,0.0
2018-07-27,0.0,0.0,0.0,0.0,0.0
2018-07-30,716.0,725.0,627.55,659.15,11496820.0
2018-07-31,665.0,681.0,630.2,659.3,1660217.0
2018-08-01,663.75,684.45,655.1,677.7,519800.0
2018-08-02,680.0,688.8,675.1,680.15,196426.0
2018-08-03,684.8,685.0,664.0,667.05,107040.0
2018-08-06,671.0,671.95,654.0,655.2,87725.0
2018-08-07,655.9,655.9,640.0,641.4,92509.0
2018-08-08,642.65,645.9,630.55,642.85,161462.0
2018-08-09,643.0,653.7,639.3,650.45,86361.0
2018-08-10,650.5,650.55,635.1,639.6,85714.0
2018-08-13,631.0,645.45,631.0,641.0,77744.0
2018-08-14,648.7,648.9,639.2,643.65,74334.0
2018-08-16,641.35,644.95,639.7,640.35,31408.0
2018-08-17,643.25,668.8,640.25,653.7,67125.0
2018-08-20,655.0,664.2,649.0,650.55,39196.0
2018-08-21,659.0,659.0,648.25,649.75,23004.0
2018-08-23,642.7,654.25,642.7,650.25,21748.0
2018-08-24,650.2,654.25,644.05,649.0,51648.0
2018-08-27,640.2,653.65,640.2,649.3,405063.0
2018-08-28,648.0,653.0,646.0,649.45,304807.0
2018-08-29,647.0,673.4,647.0,649.8,288261.0
2018-08-30,658.0,669.9,644.5,662.7,123292.0
2018-08-31,654.0,682.0,654.0,678.9,139442.0
2018-09-03,682.0,683.0,662.95,664.85,24045.0
2018-09-04,665.5,665.5,648.3,650.75,22924.0
2018-09-05,652.0,659.9,636.5,641.1,50875.0
2018-09-06,645.05,649.35,638.1,640.45,9659.0
2018-09-07,645.0,655.8,640.1,650.35,16029.0
2018-09-10,645.05,655.0,642.65,650.0,91846.0
2018-09-11,645.05,652.0,641.1,650.0,122693.0
2018-09-12,654.0,674.9,644.0,654.6,50927.0
2018-09-14,650.05,657.05,642.05,655.8,48170.0
2018-09-17,659.95,692.95,656.65,688.7,290663.0
2018-09-18,688.0,688.65,670.55,674.6,40250.0
2018-09-19,672.0,679.0,660.2,664.8,174127.0
2018-09-21,667.0,672.0,618.65,640.05,284415.0
2018-09-24,643.0,655.45,625.0,636.95,387211.0
2018-09-25,633.0,646.05,633.0,640.0,54759.0
2018-09-26,648.0,648.0,635.5,639.95,289907.0
2018-09-27,635.0,651.95,631.0,637.85,53856.0
2018-09-28,638.0,645.5,601.25,623.0,74709.0
2018-10-01,600.25,623.0,591.1,608.45,86278.0
2018-10-03,610.0,610.0,595.0,601.6,48295.0
2018-10-04,599.95,624.9,592.0,612.9,66861.0
2018-10-05,610.0,617.0,596.3,604.3,30265.0
2018-10-08,591.0,609.0,563.0,586.4,40047.0
2018-10-09,587.0,601.8,580.0,588.45,473463.0
2018-10-10,598.95,598.95,575.0,579.5,43976.0
2018-10-11,562.15,574.95,553.3,568.6,90466.0
2018-10-12,571.0,582.05,548.55,559.95,57580.0
2018-10-15,558.9,602.5,558.75,581.95,40840.0
2018-10-16,582.0,590.45,570.7,575.25,22560.0
2018-10-17,577.0,589.4,572.05,576.15,6854.0
2018-10-19,580.0,580.0,560.7,567.4,2531.0
2018-10-22,568.0,571.15,548.0,555.95,36064.0
2018-10-23,545.0,557.55,544.0,552.35,17823.0
2018-10-24,545.1,579.55,545.1,565.75,193483.0
2018-10-25,560.0,580.0,560.0,575.4,10090.0
2018-10-26,566.05,579.0,566.05,574.65,9873.0
2018-10-29,570.0,637.65,568.8,595.15,34737.0
2018-10-30,590.15,609.0,590.0,602.15,87847.0
2018-10-31,633.7,633.7,596.05,618.0,8347.0
2018-11-01,619.95,626.95,601.3,607.35,4432.0
2018-11-02,608.05,632.2,601.3,612.95,22641.0
2018-11-05,612.95,664.0,609.9,628.3,106203.0
2018-11-06,677.7,677.7,639.0,642.2,32044.0
2018-11-07,641.7,664.95,641.7,654.15,8077.0
2018-11-09,646.1,653.8,641.3,648.15,10091.0
2018-11-12,648.15,652.85,640.5,647.7,22183.0
2018-11-13,636.0,660.0,636.0,658.15,28698.0
2018-11-14,652.1,660.0,649.0,651.0,5084.0
2018-11-15,650.0,687.9,645.0,668.6,39192.0
2018-11-16,664.95,720.0,661.55,692.15,104527.0
2018-11-19,689.0,716.9,689.0,697.75,30970.0
2018-11-20,693.0,722.0,690.1,702.5,84120.0
2018-11-21,706.0,718.75,692.05,698.1,29265.0
2018-11-22,702.0,710.0,695.0,701.75,20005.0
2018-11-26,702.2,709.0,672.7,682.7,43347.0
2018-11-27,684.7,694.85,674.05,684.15,13112.0
2018-11-28,689.75,694.8,675.15,680.5,38605.0
2018-11-29,689.05,690.0,678.0,684.6,8215.0
2018-11-30,680.0,689.85,665.05,676.35,18802.0
2018-12-03,677.0,690.0,674.5,680.05,8486.0
2018-12-04,686.45,688.95,667.45,684.05,16243.0
2018-12-05,675.0,685.3,672.0,674.5,6263.0
2018-12-06,662.0,670.65,654.3,659.4,14809.0
2018-12-07,667.55,667.55,637.0,646.1,4559.0
2018-12-10,640.0,642.0,625.5,626.7,5748.0
2018-12-11,625.05,679.9,615.65,669.1,18110.0
2018-12-12,672.05,700.0,671.0,696.2,58231.0
2018-12-13,696.0,704.8,681.1,685.5,41468.0
2018-12-14,685.0,697.0,673.7,681.15,6012.0
2018-12-17,684.6,705.0,675.0,700.3,21716.0
2018-12-18,700.0,719.95,695.8,709.65,41523.0
2018-12-19,706.0,745.0,706.0,721.15,104446.0
2018-12-20,715.25,725.0,707.05,714.85,15166.0
2018-12-21,719.85,723.3,678.95,685.7,11073.0
2018-12-24,675.05,698.65,675.05,683.35,3082.0
2018-12-26,687.0,687.0,655.25,661.15,7714.0
2018-12-27,666.3,677.7,660.0,663.6,8210.0
2018-12-28,675.1,678.6,665.15,670.05,26347.0
2018-12-31,671.1,682.05,665.65,675.0,7282.0
2019-01-01,665.1,717.8,665.0,713.55,33620.0
2019-01-02,713.55,713.55,696.05,705.0,4605.0
2019-01-03,716.95,723.0,691.05,717.25,28269.0
2019-01-04,716.0,722.95,712.0,719.7,22236.0
2019-01-07,706.35,718.7,673.45,693.05,46943.0
2019-01-08,699.45,710.75,681.15,700.95,3737.0
2019-01-09,710.0,716.95,690.0,703.1,17165.0
2019-01-10,705.55,720.0,704.25,718.55,22850.0
2019-01-11,721.0,729.0,707.1,719.8,25364.0
2019-01-14,718.95,718.95,704.1,707.9,2068.0
2019-01-15,714.9,730.0,706.3,722.2,16422.0
2019-01-16,718.6,721.6,701.2,705.4,4334.0
2019-01-17,712.5,730.0,702.0,726.05,15965.0
2019-01-18,722.0,734.3,721.2,727.55,20488.0
2019-01-21,724.6,726.0,720.75,725.0,9193.0
2019-01-22,720.15,728.25,706.5,709.95,13932.0
2019-01-23,719.05,742.95,709.0,729.9,112331.0
2019-01-24,729.9,734.0,709.1,712.75,8125.0
2019-01-25,717.3,721.0,697.0,708.85,8993.0
2019-01-28,695.15,715.1,695.15,709.65,12511.0
2019-01-29,696.05,720.0,696.05,710.85,79385.0
2019-01-30,710.8,718.0,709.0,712.8,2477.0
2019-01-31,710.05,742.05,710.0,726.05,22559.0
2019-02-01,732.8,732.8,715.0,719.6,10084.0
2019-02-04,715.0,720.0,710.0,715.3,4086.0
2019-02-05,715.15,726.0,714.05,724.8,9953.0
2019-02-06,725.9,730.0,716.0,725.55,11561.0
2019-02-07,725.0,727.0,719.0,723.9,10114.0
2019-02-08,724.9,725.45,702.3,719.85,22173.0
2019-02-11,724.0,744.0,707.0,739.6,55872.0
2019-02-12,726.1,745.0,716.25,741.15,51579.0
2019-02-13,726.1,745.0,716.25,741.15,51579.0
2019-02-14,737.2,747.85,736.05,743.2,13720.0
2019-02-15,741.0,745.0,737.8,742.3,6773.0
2019-02-18,739.0,752.4,738.2,750.05,13162.0
2019-02-19,747.0,798.55,747.0,752.8,57135.0
2019-02-20,751.0,786.0,751.0,781.0,39554.0
2019-02-21,789.4,799.5,754.35,772.05,73416.0
2019-02-22,779.9,790.0,763.65,787.35,28027.0
2019-02-25,790.0,811.0,771.0,804.15,43820.0
2019-02-26,799.0,821.4,750.0,813.2,32413.0
2019-02-27,814.0,838.0,807.2,831.05,45626.0
2019-02-28,837.8,849.4,804.0,844.65,33363.0
2019-03-01,851.0,858.0,801.7,809.5,201396.0
2019-03-05,801.45,814.95,797.05,803.15,35382.0
2019-03-06,800.0,856.9,800.0,825.45,47395.0
2019-03-07,833.0,850.0,820.0,833.05,5822.0
2019-03-08,814.0,831.5,814.0,819.8,13375.0
2019-03-11,814.65,843.55,808.0,814.8,30152.0
2019-03-12,815.5,826.1,814.95,820.2,20187.0
2019-03-13,820.2,825.0,792.05,799.8,8676.0
2019-03-14,811.8,811.8,775.85,784.45,19108.0
2019-03-15,799.9,799.9,781.05,785.05,63419.0
2019-03-18,789.0,793.85,751.05,781.55,10596.0
2019-03-19,776.05,792.95,758.25,785.4,6777.0
2019-03-20,775.05,809.95,775.05,804.55,9187.0
2019-03-22,782.55,800.0,781.3,794.7,6829.0
2019-03-25,801.75,810.0,772.2,797.8,5240.0
2019-03-26,809.8,810.0,783.1,799.75,3753.0
2019-03-27,799.8,870.0,796.15,824.25,27719.0
2019-03-28,808.0,833.95,808.0,820.75,10383.0
2019-03-29,808.0,833.95,808.0,820.75,10383.0
2019-04-01,820.6,821.95,803.0,820.2,12006.0
2019-04-02,809.0,835.0,809.0,821.1,12259.0
2019-04-03,833.4,833.4,821.95,825.5,41198.0
2019-04-04,815.0,826.5,800.7,811.5,13908.0
2019-04-05,818.95,825.95,800.0,802.3,278732.0
2019-04-08,802.3,814.45,787.65,796.9,2399.0
2019-04-09,795.3,845.0,795.25,812.25,31504.0
2019-04-10,818.25,823.3,800.5,809.35,15776.0
2019-04-11,817.75,818.25,805.0,808.0,2080.0
2019-04-12,811.05,811.05,804.0,804.9,1184.0
2019-04-15,814.95,814.95,800.0,800.5,1521.0
2019-04-16,808.7,856.8,804.75,823.55,40619.0
2019-04-18,837.0,837.95,810.4,822.05,124496.0
2019-04-22,823.0,823.0,805.05,812.9,2425.0
2019-04-23,819.9,825.1,804.0,807.6,3134.0
2019-04-24,805.0,848.4,805.0,828.2,124445.0
2019-04-25,839.45,839.45,805.55,813.25,3878.0
2019-04-26,825.25,826.45,812.1,821.2,1878.0
2019-04-30,805.2,834.95,805.2,821.35,3503.0
2019-05-02,814.25,825.0,812.85,818.65,1188.0
2019-05-03,805.25,828.9,805.0,825.1,73299.0
2019-05-06,810.05,820.0,807.0,809.9,1932.0
2019-05-07,805.0,821.9,805.0,813.1,3852.0
2019-05-08,806.05,816.8,766.05,792.75,30592.0
2019-05-09,784.65,832.75,784.6,805.25,12412.0
2019-05-10,810.0,810.0,790.0,802.65,2394.0
2019-05-13,789.0,809.0,789.0,804.5,12519.0
2019-05-14,816.6,849.4,796.2,838.95,36567.0
2019-05-15,835.0,851.5,834.35,847.2,33508.0
2019-05-16,847.2,850.0,813.1,819.55,36724.0
2019-05-17,831.8,842.4,811.05,817.05,37819.0
2019-05-20,820.0,830.95,790.0,803.85,42235.0
2019-05-21,824.35,824.4,782.3,791.25,52049.0
2019-05-22,797.95,814.1,785.0,805.15,66419.0
2019-05-23,822.95,822.95,783.0,792.55,53410.0
2019-05-24,800.45,801.15,777.8,787.15,10043.0
2019-05-27,801.8,801.8,721.0,728.65,49783.0
2019-05-28,738.0,769.0,727.0,744.25,242740.0
2019-05-29,748.7,755.0,723.35,731.8,11227.0
2019-05-30,741.9,792.15,718.0,779.3,60578.0
2019-05-31,773.0,857.95,773.0,815.25,78952.0
2019-06-03,795.55,820.95,785.05,795.0,11124.0
2019-06-04,795.0,807.0,776.15,779.95,7054.0
2019-06-06,779.0,860.0,776.75,845.4,67046.0
2019-06-07,835.0,835.45,805.0,816.1,9640.0
2019-06-10,815.0,828.35,796.1,803.75,5823.0
2019-06-11,791.0,828.75,791.0,821.95,7914.0
2019-06-12,805.55,819.95,803.0,811.6,1053.0
2019-06-13,812.05,813.1,800.05,806.6,3016.0
2019-06-14,793.3,809.95,793.3,801.05,3930.0
2019-06-17,800.2,800.2,786.3,790.15,1247.0
2019-06-18,783.05,798.95,773.1,779.55,2950.0
2019-06-19,770.0,815.0,770.0,806.7,3011.0
2019-06-20,815.0,815.0,791.0,801.7,16208.0
2019-06-21,801.7,808.9,786.05,792.6,1382.0
2019-06-24,776.7,811.9,776.7,790.65,1174.0
2019-06-25,782.0,805.85,782.0,795.7,2519.0
2019-06-26,785.0,797.45,776.3,779.55,6688.0
2019-06-27,793.5,801.1,775.0,781.4,1595.0
2019-06-28,776.05,840.0,776.05,833.4,33625.0
2019-07-01,833.0,833.05,801.3,803.5,3678.0
2019-07-02,801.0,816.0,787.0,793.5,24086.0
2019-07-03,789.0,807.0,789.0,799.3,1753.0
2019-07-04,790.0,804.0,790.0,795.15,1459.0
2019-07-05,790.0,802.1,785.0,789.35,2411.0
2019-07-08,781.05,785.0,762.0,768.2,1963.0
2019-07-09,760.0,788.0,759.9,765.1,3182.0
2019-07-10,758.0,777.85,734.75,747.35,5931.0
2019-07-11,740.6,795.0,740.6,786.7,6944.0
2019-07-12,795.0,795.0,766.0,771.9,1704.0
2019-07-15,745.5,795.1,745.5,770.3,2749.0
2019-07-16,765.0,816.8,765.0,812.05,15309.0
2019-07-17,827.95,827.95,777.1,785.25,1709.0
2019-07-18,771.0,793.75,771.0,787.95,2624.0
2019-07-19,773.0,785.0,771.1,774.75,901.0
2019-07-22,801.0,801.0,759.0,762.55,1702.0
2019-07-23,759.0,768.85,748.1,756.95,4931.0
2019-07-24,742.0,763.05,731.05,750.3,1609.0
2019-07-25,735.1,762.95,727.2,732.5,1654.0
2019-07-26,713.05,750.85,713.05,727.05,941.0
2019-07-29,713.05,750.2,705.0,732.05,5084.0
2019-07-30,721.05,743.0,716.05,720.5,9042.0
2019-07-31,706.15,741.9,706.15,732.45,3604.0
2019-08-01,712.05,727.85,687.0,699.95,26463.0
2019-08-02,681.05,699.95,659.05,665.15,33082.0
2019-08-05,627.0,665.15,620.05,639.45,17903.0
2019-08-06,623.1,660.0,623.1,651.1,13166.0
2019-08-07,635.5,701.25,635.5,678.55,15270.0
2019-08-08,652.05,699.75,652.05,682.65,2537.0
2019-08-09,680.0,710.0,668.2,686.75,9698.0
2019-08-13,695.75,695.75,652.05,684.0,6529.0
2019-08-14,670.5,766.1,670.5,711.75,4050.0
2019-08-16,686.0,720.85,686.0,694.55,2588.0
2019-08-19,723.0,757.7,692.6,729.45,28594.0
2019-08-20,729.45,744.0,701.0,708.65,2137.0
2019-08-21,701.0,718.2,701.0,706.5,1236.0
2019-08-22,701.1,713.75,663.15,673.0,4435.0
2019-08-23,665.0,722.0,650.0,701.5,16295.0
2019-08-26,724.7,724.7,700.0,708.3,4338.0
2019-08-27,682.0,715.0,682.0,711.25,3605.0
2019-08-28,695.1,710.0,680.0,685.2,2136.0
2019-08-29,695.0,695.0,661.05,675.7,7537.0
2019-08-30,667.1,682.9,662.2,678.95,26511.0
2019-09-03,659.0,683.05,648.1,658.4,765.0
2019-09-04,648.5,681.0,648.5,654.15,2619.0
2019-09-05,641.05,674.1,641.05,659.85,2713.0
2019-09-06,655.05,668.65,649.0,655.0,7619.0
2019-09-09,651.0,682.95,645.1,653.75,19927.0
2019-09-11,663.9,663.9,631.35,643.85,5359.0
2019-09-12,648.15,664.9,642.0,648.55,1338.0
2019-09-13,650.0,709.95,645.25,699.6,21338.0
2019-09-16,700.0,715.0,673.25,682.55,16381.0
2019-09-17,680.45,680.45,653.3,655.9,6846.0
2019-09-18,674.15,674.2,650.6,656.85,1801.0
2019-09-19,651.3,660.0,650.0,650.7,2681.0
2019-09-20,656.7,709.9,650.75,700.2,23038.0
2019-09-23,704.8,756.95,704.8,732.5,40642.0
2019-09-24,745.0,750.0,723.6,744.25,17795.0
2019-09-25,755.0,755.0,713.0,743.45,9697.0
2019-09-26,745.0,753.85,722.0,736.25,3366.0
2019-09-27,728.95,754.8,728.95,750.45,23920.0
2019-09-30,754.75,754.75,710.0,729.65,8408.0
2019-10-01,722.6,753.0,722.5,749.7,5254.0
2019-10-03,746.95,754.0,713.05,743.35,16969.0
2019-10-04,738.05,747.75,720.0,725.7,4050.0
2019-10-07,704.85,744.75,704.85,715.5,1456.0
2019-10-09,716.6,747.3,710.0,737.45,3668.0
2019-10-10,734.8,740.95,724.95,727.45,10061.0
2019-10-11,725.45,730.05,710.0,714.9,2362.0
2019-10-14,730.0,730.0,694.0,705.55,4299.0
2019-10-15,725.0,725.0,695.0,697.6,3252.0
2019-10-16,696.95,705.8,690.0,694.65,4017.0
2019-10-17,689.4,703.9,687.0,697.9,4629.0
2019-10-18,697.0,718.6,690.0,700.2,45974.0
2019-10-22,705.05,725.0,696.0,719.45,5771.0
2019-10-23,710.9,781.05,710.05,736.3,20808.0
2019-10-24,737.25,750.3,715.0,725.85,144434.0
2019-10-25,736.9,760.0,715.85,727.05,1658.0
2019-10-29,713.1,742.0,713.05,731.4,2489.0
2019-10-30,718.55,750.0,718.5,734.5,4873.0
2019-10-31,748.9,780.4,725.05,756.45,16432.0
2019-11-01,752.8,752.8,720.0,723.05,4631.0
2019-11-04,723.0,750.0,720.0,747.35,97514.0
2019-11-05,735.0,750.0,735.0,746.15,10330.0
2019-11-06,745.05,749.95,725.0,735.35,2981.0
2019-11-07,737.15,738.95,725.0,727.95,2520.0
2019-11-08,737.0,737.0,725.45,727.55,21618.0
2019-11-11,722.35,722.35,679.45,701.85,13264.0
2019-11-13,689.0,715.5,687.0,689.6,20567.0
2019-11-14,698.4,700.15,680.0,688.7,2404.0
2019-11-15,684.1,695.7,683.0,686.15,1634.0
2019-11-18,680.1,740.0,678.3,732.7,31827.0
2019-11-19,740.5,745.45,712.7,722.6,4829.0
2019-11-20,733.7,733.7,697.0,699.4,3244.0
2019-11-21,686.0,702.9,685.0,698.85,16361.0
2019-11-22,690.0,710.4,690.0,693.2,1550.0
2019-11-25,700.05,725.0,690.5,716.4,2707.0
2019-11-26,726.4,742.0,705.0,734.8,5767.0
2019-11-27,733.05,733.05,701.0,704.45,3629.0
2019-11-28,700.0,728.0,691.0,693.45,2456.0
2019-11-29,694.05,750.0,691.0,742.0,35083.0
2019-12-02,735.0,735.0,701.0,712.3,3557.0
2019-12-03,712.3,717.0,701.0,713.4,2801.0
2019-12-04,701.15,706.4,690.3,695.9,6044.0
2019-12-05,699.85,704.75,689.45,695.95,3300.0
2019-12-06,700.1,704.3,672.5,682.1,4407.0
2019-12-09,675.0,691.15,654.3,671.05,5522.0
2019-12-10,679.3,684.8,663.0,665.25,2251.0
2019-12-11,665.7,675.0,640.0,646.15,137138.0
2019-12-12,645.3,648.8,633.95,636.95,1455.0
2019-12-13,637.0,647.6,635.05,638.95,1964.0
2019-12-16,637.2,648.85,634.15,638.95,2306.0
2019-12-17,637.1,640.0,630.0,633.5,1408.0
2019-12-18,630.05,643.9,610.1,615.75,4732.0
2019-12-19,630.0,630.0,607.95,613.1,8331.0
2019-12-20,611.3,618.35,601.5,606.55,5867.0
2019-12-23,601.05,611.55,593.3,599.45,3095.0
2019-12-24,617.55,618.0,602.0,604.8,12801.0
2019-12-26,604.8,609.0,588.1,590.25,7522.0
2019-12-27,587.0,600.0,581.05,595.15,4414.0
2019-12-30,595.0,674.95,580.0,626.0,11940.0
2019-12-31,626.05,652.75,607.8,620.9,39355.0
2020-01-01,621.9,625.0,608.0,611.55,3234.0
2020-01-02,605.1,615.0,605.1,610.8,2160.0
2020-01-03,605.2,615.1,593.0,600.8,4119.0
2020-01-06,600.0,623.85,581.45,608.15,6919.0
2020-01-07,608.15,620.0,596.0,598.9,53599.0
2020-01-08,597.25,603.9,583.2,587.1,3603.0
2020-01-09,598.0,617.2,589.15,605.85,7243.0
2020-01-10,605.8,614.8,600.0,601.55,4706.0
2020-01-13,603.1,609.55,590.0,594.2,152195.0
2020-01-14,594.2,607.8,581.0,592.85,3472.0
2020-01-15,591.0,594.8,584.05,591.65,18173.0
2020-01-16,589.95,597.55,584.2,585.85,53045.0
2020-01-17,595.9,598.05,580.0,590.05,30556.0
2020-01-20,609.95,609.95,590.1,593.85,4539.0
2020-01-21,595.0,595.95,585.0,588.65,13132.0
2020-01-22,592.95,594.95,586.95,591.05,2655.0
2020-01-23,591.9,592.75,585.3,586.45,4863.0
2020-01-24,588.65,598.95,586.0,594.7,15053.0
2020-01-27,594.7,599.0,591.55,597.25,4537.0
2020-01-28,597.2,600.0,585.1,597.7,3649.0
2020-01-29,592.0,615.95,592.0,604.15,8172.0
2020-01-30,605.0,615.0,590.0,593.9,4974.0
2020-01-31,596.25,609.9,573.5,575.2,5667.0
2020-02-03,575.05,575.05,556.05,562.8,3831.0
2020-02-04,550.05,593.55,550.05,572.85,2276.0
2020-02-05,573.0,582.8,570.05,575.25,2499.0
2020-02-06,575.0,590.0,575.0,579.45,3110.0
2020-02-07,600.0,615.95,581.0,584.7,18856.0
2020-02-10,595.9,595.9,578.5,580.0,162962.0
2020-02-11,580.0,590.0,570.0,573.0,9017.0
2020-02-12,577.85,586.45,546.05,559.65,9704.0
2020-02-13,560.95,578.25,552.05,565.6,10409.0
2020-02-14,579.7,589.9,560.1,587.05,8890.0
2020-02-17,572.7,582.35,570.0,570.7,1104.0
2020-02-18,570.05,570.05,551.05,556.75,1736.0
2020-02-19,558.0,572.05,549.0,555.95,4918.0
2020-02-20,564.0,598.8,553.25,589.25,13832.0
2020-02-24,590.05,590.05,560.15,562.55,5442.0
2020-02-25,576.4,577.0,560.0,563.25,24932.0
2020-02-26,565.95,574.75,561.0,572.1,3445.0
2020-02-27,566.95,579.95,565.0,575.0,1548.0
2020-02-28,561.8,608.0,557.0,598.7,19409.0
2020-03-02,589.0,614.9,575.0,591.0,6766.0
2020-03-03,590.3,600.0,555.5,591.05,9407.0
2020-03-04,585.05,594.0,580.0,585.55,24799.0
2020-03-05,587.75,587.75,563.25,568.65,2515.0
2020-03-06,567.0,567.0,545.0,554.65,2945.0
2020-03-09,554.2,560.0,476.4,490.1,6133.0
2020-03-11,490.1,534.1,475.9,506.35,30093.0
2020-03-12,499.95,517.0,452.0,491.2,3867.0
2020-03-13,401.55,492.0,401.55,469.5,5067.0
2020-03-16,475.95,480.0,459.95,466.65,5103.0
2020-03-17,435.05,480.85,424.1,469.9,41463.0
2020-03-18,479.9,491.0,461.0,480.95,7166.0
2020-03-19,475.05,475.05,385.0,419.7,20797.0
2020-03-20,420.1,503.6,342.25,461.7,83015.0
2020-03-23,370.0,441.0,369.4,375.4,410824.0
2020-03-24,390.0,425.0,300.35,323.35,32706.0
2020-03-25,301.1,353.0,295.1,328.45,5806.0
2020-03-26,349.0,357.0,320.0,350.0,18770.0
2020-03-27,374.0,385.0,342.0,355.65,4411.0
2020-03-30,330.2,356.7,330.2,339.8,23696.0
2020-03-31,351.75,351.75,306.35,328.6,290539.0
2020-04-01,329.05,347.5,329.05,332.4,1439.0
2020-04-03,339.95,340.0,327.05,333.0,2201.0
2020-04-07,343.0,350.0,332.0,344.8,4274.0
2020-04-08,348.95,369.95,340.0,345.35,3596.0
2020-04-09,363.85,363.9,334.3,349.7,7118.0
2020-04-13,351.0,370.0,350.0,351.0,9704.0
2020-04-15,355.0,378.0,321.0,369.95,7221.0
2020-04-16,368.95,406.9,360.0,401.3,7384.0
2020-04-17,415.95,424.75,373.7,403.4,5858.0
2020-04-20,403.0,420.0,393.15,408.8,3723.0
2020-04-21,384.25,426.0,384.25,421.3,30817.0
2020-04-22,435.0,435.0,404.05,407.9,17685.0
2020-04-23,407.9,417.85,400.0,405.85,16111.0
2020-04-24,414.0,425.0,400.0,404.75,7570.0
2020-04-27,419.0,419.0,402.25,403.6,20802.0
2020-04-28,408.0,411.0,392.7,396.7,3435.0
2020-04-29,399.0,399.05,388.25,392.4,8316.0
2020-04-30,402.4,413.05,391.0,393.6,18582.0
2020-05-04,390.0,394.3,375.15,380.15,5689.0
2020-05-05,380.15,392.1,377.9,380.45,3499.0
2020-05-06,380.05,388.95,371.25,376.55,4837.0
2020-05-07,385.0,385.0,367.0,370.4,3483.0
2020-05-08,380.3,380.3,366.05,375.7,6514.0
2020-05-11,379.95,380.0,372.5,376.7,992.0
2020-05-12,377.7,390.45,367.9,373.35,263702.0
2020-05-13,388.0,388.0,370.5,374.95,2518.0
2020-05-14,374.9,388.0,370.0,377.7,5240.0
2020-05-15,383.0,383.0,355.25,363.25,6475.0
2020-05-18,369.9,369.9,356.25,359.75,1315.0
2020-05-19,359.05,363.95,335.0,336.25,3965.0
